{"type":"FeatureCollection","features":[{"type":"Feature","geometry":{"type":"Polygon","coordinates":[[[-2.3478,36.9943],[-2.3574,36.989],[-2.38,36.927],[-2.3705,36.8924],[-2.4208,36.8662],[-2.4271,36.8663],[-2.4276,36.8691],[-2.4384,36.8634],[-2.4999,36.8793],[-2.5208,36.8951],[-2.5443,36.8633],[-2.5246,36.824],[-2.4746,36.8354],[-2.4301,36.8107],[-2.3674,36.8415],[-2.3182,36.8335],[-2.2549,36.7901],[-2.2029,36.7315],[-2.2084,36.7406],[-2.2326,36.7967],[-2.2021,36.8634],[-2.2959,36.9597],[-2.2995,36.993],[-2.3034,36.9977],[-2.3478,36.9943]]]},"properties":{"GID_4":"ESP.1.1.5.1_1","GID_0":"ESP","COUNTRY":"Spain","GID_1":"ESP.1_1","NAME_1":"Andalucía","GID_2":"ESP.1.1_1","NAME_2":"Almería","GID_3":"ESP.1.1.5_1","NAME_3":"n.a.(19)","NAME_4":"ALMERIA","VARNAME_4":"NA","TYPE_4":"Municipality","ENGTYPE_4":"Municipality","CC_4":"NA"}},{"type":"Feature","geometry":{"type":"Polygon","coordinates":[[[-2.9069,36.7432],[-2.859,36.7001],[-2.8196,36.7062],[-2.7721,36.6815],[-2.6996,36.6824],[-2.6571,36.6974],[-2.6644,36.7232],[-2.6958,36.7447],[-2.7116,36.7793],[-2.7188,36.8185],[-2.8303,36.8115],[-2.8969,36.7745],[-2.9069,36.7432]]]},"properties":{"GID_4":"ESP.1.1.6.4_1","GID_0":"ESP","COUNTRY":"Spain","GID_1":"ESP.1_1","NAME_1":"Andalucía","GID_2":"ESP.1.1_1","NAME_2":"Almería","GID_3":"ESP.1.1.6_1","NAME_3":"n.a.(20)","NAME_4":"EJIDO (EL)","VARNAME_4":"NA","TYPE_4":"Municipality","ENGTYPE_4":"Municipality","CC_4":"NA"}},{"type":"Feature","geometry":{"type":"Polygon","coordinates":[[[-2.6644,36.7232],[-2.6149,36.7329],[-2.5985,36.7774],[-2.5517,36.8189],[-2.5652,36.837],[-2.615,36.8409],[-2.6105,36.8358],[-2.6033,36.8018],[-2.6553,36.7747],[-2.6587,36.74],[-2.6644,36.7232]]]},"properties":{"GID_4":"ESP.1.1.6.8_1","GID_0":"ESP","COUNTRY":"Spain","GID_1":"ESP.1_1","NAME_1":"Andalucía","GID_2":"ESP.1.1_1","NAME_2":"Almería","GID_3":"ESP.1.1.6_1","NAME_3":"n.a.(20)","NAME_4":"ROQUETAS DE MAR","VARNAME_4":"NA","TYPE_4":"Municipality","ENGTYPE_4":"Municipality","CC_4":"NA"}},{"type":"Feature","geometry":{"type":"Polygon","coordinates":[[[-1.9184,37.1918],[-1.9148,37.1876],[-1.8403,37.1879],[-1.8461,37.193],[-1.8435,37.1987],[-1.8186,37.1963],[-1.8194,37.1884],[-1.7971,37.2301],[-1.842,37.2589],[-1.8915,37.2711],[-1.8871,37.2212],[-1.9184,37.1918]]]},"properties":{"GID_4":"ESP.1.1.7.10_1","GID_0":"ESP","COUNTRY":"Spain","GID_1":"ESP.1_1","NAME_1":"Andalucía","GID_2":"ESP.1.1_1","NAME_2":"Almería","GID_3":"ESP.1.1.7_1","NAME_3":"n.a.(21)","NAME_4":"VERA","VARNAME_4":"NA","TYPE_4":"Municipality","ENGTYPE_4":"Municipality","CC_4":"NA"}},{"type":"Feature","geometry":null,"properties":{"GID_4":"ESP.1.2.1.1_1","GID_0":"ESP","COUNTRY":"Spain","GID_1":"ESP.1_1","NAME_1":"Andalucía","GID_2":"ESP.1.2_1","NAME_2":"Cádiz","GID_3":"ESP.1.2.1_1","NAME_3":"BahíadeCádiz","NAME_4":"CADIZ","VARNAME_4":"NA","TYPE_4":"Municipality","ENGTYPE_4":"Municipality","CC_4":"NA"}},{"type":"Feature","geometry":{"type":"Polygon","coordinates":[[[-6.072,36.4615],[-6.0706,36.4686],[-6.1037,36.4637],[-6.144,36.4719],[-6.1817,36.4599],[-6.1721,36.4469],[-6.1817,36.4365],[-6.2121,36.4162],[-6.2074,36.3846],[-6.1838,36.3704],[-6.1618,36.3307],[-6.1355,36.3411],[-6.0032,36.348],[-5.9987,36.3698],[-5.9936,36.3729],[-6.072,36.4615]]]},"properties":{"GID_4":"ESP.1.2.1.2_1","GID_0":"ESP","COUNTRY":"Spain","GID_1":"ESP.1_1","NAME_1":"Andalucía","GID_2":"ESP.1.2_1","NAME_2":"Cádiz","GID_3":"ESP.1.2.1_1","NAME_3":"BahíadeCádiz","NAME_4":"CHICLANA DE LA FRONTERA","VARNAME_4":"NA","TYPE_4":"Municipality","ENGTYPE_4":"Municipality","CC_4":"NA"}},{"type":"Feature","geometry":{"type":"Polygon","coordinates":[[[-6.2096,36.5668],[-6.17,36.5671],[-6.1571,36.5959],[-6.1482,36.6037],[-6.1422,36.6221],[-6.2285,36.6736],[-6.2553,36.7061],[-6.3032,36.7189],[-6.3229,36.7027],[-6.3062,36.6368],[-6.2696,36.5829],[-6.2096,36.5668]]]},"properties":{"GID_4":"ESP.1.2.1.3_1","GID_0":"ESP","COUNTRY":"Spain","GID_1":"ESP.1_1","NAME_1":"Andalucía","GID_2":"ESP.1.2_1","NAME_2":"Cádiz","GID_3":"ESP.1.2.1_1","NAME_3":"BahíadeCádiz","NAME_4":"PUERTO DE SANTA MARIA (EL)","VARNAME_4":"NA","TYPE_4":"Municipality","ENGTYPE_4":"Municipality","CC_4":"NA"}},{"type":"Feature","geometry":{"type":"Polygon","coordinates":[[[-6.2383,36.4475],[-6.1817,36.4365],[-6.1721,36.4469],[-6.1897,36.4627],[-6.1801,36.5082],[-6.2262,36.4665],[-6.2383,36.4475]]]},"properties":{"GID_4":"ESP.1.2.1.5_1","GID_0":"ESP","COUNTRY":"Spain","GID_1":"ESP.1_1","NAME_1":"Andalucía","GID_2":"ESP.1.2_1","NAME_2":"Cádiz","GID_3":"ESP.1.2.1_1","NAME_3":"BahíadeCádiz","NAME_4":"SAN FERNANDO","VARNAME_4":"NA","TYPE_4":"Municipality","ENGTYPE_4":"Municipality","CC_4":"NA"}},{"type":"Feature","geometry":{"type":"Polygon","coordinates":[[[-6.153,36.5994],[-6.0914,36.5632],[-6.0093,36.562],[-5.98,36.5186],[-5.8953,36.5354],[-5.8469,36.5353],[-5.83,36.5382],[-5.7959,36.5493],[-5.7183,36.5563],[-5.6638,36.5444],[-5.6077,36.5162],[-5.6101,36.5446],[-5.5711,36.5474],[-5.522,36.5318],[-5.4627,36.589],[-5.4558,36.6196],[-5.5313,36.664],[-5.5395,36.6703],[-5.6229,36.6248],[-5.6525,36.5993],[-5.6704,36.5508],[-5.7483,36.5772],[-5.8081,36.547],[-5.8634,36.5517],[-5.8516,36.595],[-5.853,36.6693],[-5.9024,36.6751],[-5.9459,36.7274],[-5.9244,36.7454],[-5.9209,36.7942],[-5.8909,36.8422],[-5.9412,36.852],[-5.973,36.8442],[-6.0846,36.8545],[-6.1218,36.8638],[-6.2,36.8307],[-6.2156,36.8254],[-6.2388,36.7921],[-6.2701,36.7822],[-6.3032,36.7189],[-6.2553,36.7061],[-6.2285,36.6736],[-6.1422,36.6221],[-6.1482,36.6037],[-6.153,36.5994]]]},"properties":{"GID_4":"ESP.1.2.2.1_1","GID_0":"ESP","COUNTRY":"Spain","GID_1":"ESP.1_1","NAME_1":"Andalucía","GID_2":"ESP.1.2_1","NAME_2":"Cádiz","GID_3":"ESP.1.2.2_1","NAME_3":"CampiñadeJerez","NAME_4":"JEREZ DE LA FRONTERA","VARNAME_4":"NA","TYPE_4":"Municipality","ENGTYPE_4":"Municipality","CC_4":"NA"}},{"type":"Feature","geometry":{"type":"Polygon","coordinates":[[[-5.4307,36.1725],[-5.4768,36.1651],[-5.5509,36.1094],[-5.5243,36.0967],[-5.4947,36.0501],[-5.4643,36.0499],[-5.4318,36.0696],[-5.4446,36.0913],[-5.4307,36.1725]]]},"properties":{"GID_4":"ESP.1.2.3.1_1","GID_0":"ESP","COUNTRY":"Spain","GID_1":"ESP.1_1","NAME_1":"Andalucía","GID_2":"ESP.1.2_1","NAME_2":"Cádiz","GID_3":"ESP.1.2.3_1","NAME_3":"CampodeGibraltar","NAME_4":"ALGECIRAS","VARNAME_4":"NA","TYPE_4":"Municipality","ENGTYPE_4":"Municipality","CC_4":"NA"}},{"type":"Feature","geometry":{"type":"Polygon","coordinates":[[[-5.3714,36.1685],[-5.3387,36.1549],[-5.3309,36.2113],[-5.3613,36.2148],[-5.3714,36.1685]]]},"properties":{"GID_4":"ESP.1.2.3.4_1","GID_0":"ESP","COUNTRY":"Spain","GID_1":"ESP.1_1","NAME_1":"Andalucía","GID_2":"ESP.1.2_1","NAME_2":"Cádiz","GID_3":"ESP.1.2.3_1","NAME_3":"CampodeGibraltar","NAME_4":"LINEA DE LA CONCEPCION (LA)","VARNAME_4":"NA","TYPE_4":"Municipality","ENGTYPE_4":"Municipality","CC_4":"NA"}},{"type":"Feature","geometry":{"type":"Polygon","coordinates":[[[-5.4368,36.2406],[-5.417,36.186],[-5.3714,36.1685],[-5.3613,36.2148],[-5.3309,36.2113],[-5.2965,36.246],[-5.2594,36.3224],[-5.2775,36.3371],[-5.3199,36.3251],[-5.3556,36.3222],[-5.3591,36.2931],[-5.4368,36.2406]]]},"properties":{"GID_4":"ESP.1.2.3.6_1","GID_0":"ESP","COUNTRY":"Spain","GID_1":"ESP.1_1","NAME_1":"Andalucía","GID_2":"ESP.1.2_1","NAME_2":"Cádiz","GID_3":"ESP.1.2.3_1","NAME_3":"CampodeGibraltar","NAME_4":"SAN ROQUE","VARNAME_4":"NA","TYPE_4":"Municipality","ENGTYPE_4":"Municipality","CC_4":"NA"}},{"type":"Feature","geometry":{"type":"Polygon","coordinates":[[[-5.618,36.6807],[-5.6287,36.6777],[-5.6568,36.6766],[-5.6747,36.6795],[-5.6416,36.6657],[-5.618,36.6807]]]},"properties":{"GID_4":"ESP.1.2.6.11_1","GID_0":"ESP","COUNTRY":"Spain","GID_1":"ESP.1_1","NAME_1":"Andalucía","GID_2":"ESP.1.2_1","NAME_2":"Cádiz","GID_3":"ESP.1.2.6_1","NAME_3":"SierradeCádiz","NAME_4":"JEREZ DE LA FRONTERA","VARNAME_4":"NA","TYPE_4":"Municipality","ENGTYPE_4":"Municipality","CC_4":"NA"}},{"type":"Feature","geometry":{"type":"Polygon","coordinates":[[[-4.6933,37.6904],[-4.6911,37.6944],[-4.6615,37.6712],[-4.6041,37.6788],[-4.5964,37.6818],[-4.5457,37.7152],[-4.5577,37.7298],[-4.5167,37.7605],[-4.4715,37.7611],[-4.4166,37.7756],[-4.397,37.7773],[-4.3975,37.798],[-4.3595,37.8174],[-4.3709,37.8656],[-4.4148,37.8442],[-4.462,37.9016],[-4.4635,37.9015],[-4.5112,37.8977],[-4.5169,37.8962],[-4.5807,37.9108],[-4.571,37.9433],[-4.6012,37.9561],[-4.5947,38.0002],[-4.6288,38.0225],[-4.6714,38.0269],[-4.6686,37.9745],[-4.7683,38.0032],[-4.7944,38.0224],[-4.8223,37.9857],[-4.8514,37.9885],[-4.8855,37.9701],[-4.9237,37.9681],[-4.9852,37.9391],[-4.9985,37.9099],[-4.9447,37.861],[-4.9461,37.833],[-4.9311,37.7998],[-4.9192,37.7958],[-4.878,37.7744],[-4.9415,37.7347],[-4.9023,37.7157],[-4.9008,37.7161],[-4.8631,37.7158],[-4.8531,37.7314],[-4.8337,37.7285],[-4.7668,37.7285],[-4.7366,37.7451],[-4.7116,37.7194],[-4.7055,37.709],[-4.6933,37.6904]]]},"properties":{"GID_4":"ESP.1.3.4.5_1","GID_0":"ESP","COUNTRY":"Spain","GID_1":"ESP.1_1","NAME_1":"Andalucía","GID_2":"ESP.1.3_1","NAME_2":"Córdoba","GID_3":"ESP.1.3.4_1","NAME_3":"n.a.(88)","NAME_4":"CORDOBA","VARNAME_4":"NA","TYPE_4":"Municipality","ENGTYPE_4":"Municipality","CC_4":"NA"}},{"type":"Feature","geometry":{"type":"Polygon","coordinates":[[[-4.6679,37.3236],[-4.6759,37.2909],[-4.6532,37.2559],[-4.6169,37.2562],[-4.5786,37.2768],[-4.5769,37.2797],[-4.5563,37.2897],[-4.5227,37.2814],[-4.4205,37.2979],[-4.4282,37.374],[-4.4217,37.4113],[-4.4547,37.4381],[-4.5126,37.4503],[-4.5482,37.4639],[-4.5928,37.4325],[-4.6055,37.4335],[-4.6243,37.4169],[-4.6374,37.3869],[-4.6423,37.3573],[-4.6639,37.3254],[-4.6679,37.3236]]]},"properties":{"GID_4":"ESP.1.3.7.6_1","GID_0":"ESP","COUNTRY":"Spain","GID_1":"ESP.1_1","NAME_1":"Andalucía","GID_2":"ESP.1.3_1","NAME_2":"Córdoba","GID_3":"ESP.1.3.7_1","NAME_3":"n.a.(91)","NAME_4":"LUCENA","VARNAME_4":"NA","TYPE_4":"Municipality","ENGTYPE_4":"Municipality","CC_4":"NA"}},{"type":"Feature","geometry":{"type":"Polygon","coordinates":[[[-4.4217,37.4113],[-4.4282,37.374],[-4.4205,37.2979],[-4.4178,37.2824],[-4.3833,37.2774],[-4.3457,37.2754],[-4.3443,37.3095],[-4.3075,37.3365],[-4.2776,37.341],[-4.2794,37.3448],[-4.312,37.3786],[-4.329,37.3937],[-4.3409,37.4112],[-4.4217,37.4113]]]},"properties":{"GID_4":"ESP.1.3.8.7_1","GID_0":"ESP","COUNTRY":"Spain","GID_1":"ESP.1_1","NAME_1":"Andalucía","GID_2":"ESP.1.3_1","NAME_2":"Córdoba","GID_3":"ESP.1.3.8_1","NAME_3":"n.a.(92)","NAME_4":"RUTE","VARNAME_4":"NA","TYPE_4":"Municipality","ENGTYPE_4":"Municipality","CC_4":"NA"}},{"type":"Feature","geometry":{"type":"Polygon","coordinates":[[[-3.6097,37.1394],[-3.6068,37.1368],[-3.5783,37.1409],[-3.5638,37.1586],[-3.5599,37.1575],[-3.5232,37.1692],[-3.5147,37.1819],[-3.5112,37.182],[-3.4978,37.2052],[-3.5098,37.2171],[-3.5163,37.2117],[-3.5169,37.2091],[-3.5366,37.2181],[-3.5767,37.2104],[-3.5826,37.2086],[-3.6025,37.2115],[-3.6028,37.2149],[-3.624,37.2102],[-3.6526,37.2067],[-3.6985,37.2044],[-3.7001,37.1994],[-3.6987,37.1883],[-3.6539,37.1668],[-3.6562,37.1613],[-3.6364,37.1611],[-3.6116,37.161],[-3.6097,37.1394]]]},"properties":{"GID_4":"ESP.1.4.5.19_1","GID_0":"ESP","COUNTRY":"Spain","GID_1":"ESP.1_1","NAME_1":"Andalucía","GID_2":"ESP.1.4_1","NAME_2":"Granada","GID_3":"ESP.1.4.5_1","NAME_3":"n.a.(113)","NAME_4":"GRANADA","VARNAME_4":"NA","TYPE_4":"Municipality","ENGTYPE_4":"Municipality","CC_4":"NA"}},{"type":"Feature","geometry":{"type":"Polygon","coordinates":[[[-3.4196,36.7687],[-3.4283,36.7864],[-3.5062,36.7812],[-3.5423,36.7919],[-3.5384,36.7899],[-3.5449,36.7839],[-3.5645,36.7588],[-3.5618,36.7278],[-3.5149,36.7238],[-3.4821,36.6968],[-3.416,36.7057],[-3.4196,36.7687]]]},"properties":{"GID_4":"ESP.1.4.8.11_1","GID_0":"ESP","COUNTRY":"Spain","GID_1":"ESP.1_1","NAME_1":"Andalucía","GID_2":"ESP.1.4_1","NAME_2":"Granada","GID_3":"ESP.1.4.8_1","NAME_3":"n.a.(116)","NAME_4":"MOTRIL","VARNAME_4":"NA","TYPE_4":"Municipality","ENGTYPE_4":"Municipality","CC_4":"NA"}},{"type":"Feature","geometry":null,"properties":{"GID_4":"ESP.1.5.5.3_1","GID_0":"ESP","COUNTRY":"Spain","GID_1":"ESP.1_1","NAME_1":"Andalucía","GID_2":"ESP.1.5_1","NAME_2":"Huelva","GID_3":"ESP.1.5.5_1","NAME_3":"n.a.(137)","NAME_4":"HUELVA","VARNAME_4":"NA","TYPE_4":"Municipality","ENGTYPE_4":"Municipality","CC_4":"NA"}},{"type":"Feature","geometry":{"type":"MultiPolygon","coordinates":[[[[-3.8618,37.8644],[-3.8586,37.8553],[-3.8371,37.8414],[-3.8431,37.7374],[-3.8396,37.7372],[-3.7978,37.7099],[-3.7752,37.6603],[-3.7814,37.6338],[-3.7644,37.6281],[-3.7276,37.6317],[-3.6786,37.6742],[-3.7062,37.7049],[-3.7045,37.7086],[-3.7226,37.7526],[-3.7461,37.7779],[-3.6687,37.7778],[-3.6501,37.8216],[-3.6238,37.8361],[-3.6148,37.8852],[-3.6746,37.9146],[-3.7759,37.9216],[-3.8399,37.9343],[-3.8708,37.9279],[-3.8704,37.9058],[-3.8618,37.8644]]],[[[-3.615,37.9345],[-3.6163,37.9507],[-3.6305,37.9538],[-3.6161,37.9164],[-3.6114,37.9184],[-3.615,37.9345]]]]},"properties":{"GID_4":"ESP.1.6.2.4_1","GID_0":"ESP","COUNTRY":"Spain","GID_1":"ESP.1_1","NAME_1":"Andalucía","GID_2":"ESP.1.6_1","NAME_2":"Jaén","GID_3":"ESP.1.6.2_1","NAME_3":"ÁreametropolitanadeJaén","NAME_4":"JAEN","VARNAME_4":"NA","TYPE_4":"Municipality","ENGTYPE_4":"Municipality","CC_4":"NA"}},{"type":"Feature","geometry":{"type":"Polygon","coordinates":[[[-3.6284,38.024],[-3.6127,38.0384],[-3.5873,38.0424],[-3.5655,38.0925],[-3.5495,38.0965],[-3.517,38.1179],[-3.5403,38.1417],[-3.58,38.1524],[-3.5779,38.1548],[-3.6005,38.1705],[-3.613,38.1573],[-3.6867,38.1607],[-3.7063,38.1283],[-3.711,38.0788],[-3.7619,38.0378],[-3.7283,38.0606],[-3.6854,38.0408],[-3.6883,38.0022],[-3.6839,38.007],[-3.6624,38.0087],[-3.6284,38.024]]]},"properties":{"GID_4":"ESP.1.6.8.8_1","GID_0":"ESP","COUNTRY":"Spain","GID_1":"ESP.1_1","NAME_1":"Andalucía","GID_2":"ESP.1.6_1","NAME_2":"Jaén","GID_3":"ESP.1.6.8_1","NAME_3":"SierraNorte","NAME_4":"LINARES","VARNAME_4":"NA","TYPE_4":"Municipality","ENGTYPE_4":"Municipality","CC_4":"NA"}},{"type":"Feature","geometry":{"type":"Polygon","coordinates":[[[-4.2932,36.7772],[-4.2841,36.7749],[-4.2746,36.7773],[-4.2764,36.7818],[-4.2733,36.7842],[-4.2932,36.7772]]]},"properties":{"GID_4":"ESP.1.7.1.17_1","GID_0":"ESP","COUNTRY":"Spain","GID_1":"ESP.1_1","NAME_1":"Andalucía","GID_2":"ESP.1.7_1","NAME_2":"Málaga","GID_3":"ESP.1.7.1_1","NAME_3":"n.a.(181)","NAME_4":"MALAGA","VARNAME_4":"NA","TYPE_4":"Municipality","ENGTYPE_4":"Municipality","CC_4":"NA"}},{"type":"Feature","geometry":{"type":"MultiPolygon","coordinates":[[[[-4.0357,36.7532],[-4.0417,36.744],[-3.9994,36.7495],[-3.9958,36.7692],[-4.0302,36.7697],[-4.0357,36.7532]]],[[[-4.0568,36.7569],[-4.0569,36.7728],[-4.0733,36.8169],[-4.1276,36.8271],[-4.128,36.8335],[-4.1838,36.8559],[-4.1883,36.857],[-4.1826,36.8165],[-4.2092,36.7935],[-4.1819,36.795],[-4.1628,36.8016],[-4.1536,36.8006],[-4.1659,36.7704],[-4.1894,36.7729],[-4.2046,36.7763],[-4.2099,36.7811],[-4.2199,36.755],[-4.2296,36.7593],[-4.2322,36.7566],[-4.2313,36.7172],[-4.1787,36.7154],[-4.1093,36.7249],[-4.0596,36.7474],[-4.0568,36.7569]]]]},"properties":{"GID_4":"ESP.1.7.1.27_1","GID_0":"ESP","COUNTRY":"Spain","GID_1":"ESP.1_1","NAME_1":"Andalucía","GID_2":"ESP.1.7_1","NAME_2":"Málaga","GID_3":"ESP.1.7.1_1","NAME_3":"n.a.(181)","NAME_4":"VELEZ-MALAGA","VARNAME_4":"NA","TYPE_4":"Municipality","ENGTYPE_4":"Municipality","CC_4":"NA"}},{"type":"Feature","geometry":{"type":"Polygon","coordinates":[[[-4.4916,37.2276],[-4.4981,37.2183],[-4.5336,37.2121],[-4.6022,37.2093],[-4.6354,37.2018],[-4.5997,37.1563],[-4.6327,37.0847],[-4.64,37.0918],[-4.6703,37.0795],[-4.7208,37.0984],[-4.7394,37.0608],[-4.8232,37.0985],[-4.8277,37.0918],[-4.7959,37.045],[-4.7758,36.9891],[-4.7861,36.9371],[-4.7744,36.9207],[-4.7713,36.915],[-4.7163,36.9279],[-4.6829,36.9152],[-4.7133,36.9426],[-4.6393,36.9588],[-4.6715,36.9114],[-4.6252,36.9001],[-4.5766,36.8925],[-4.5365,36.9001],[-4.464,36.9111],[-4.3777,36.9167],[-4.3528,36.9663],[-4.3468,36.9669],[-4.3846,37.0049],[-4.4325,37.0237],[-4.438,37.0336],[-4.4731,37.0835],[-4.4916,37.0842],[-4.4836,37.1479],[-4.4861,37.1497],[-4.4572,37.1859],[-4.4757,37.2034],[-4.4893,37.2311],[-4.4916,37.2276]]]},"properties":{"GID_4":"ESP.1.7.2.5_1","GID_0":"ESP","COUNTRY":"Spain","GID_1":"ESP.1_1","NAME_1":"Andalucía","GID_2":"ESP.1.7_1","NAME_2":"Málaga","GID_3":"ESP.1.7.2_1","NAME_3":"n.a.(182)","NAME_4":"ANTEQUERA","VARNAME_4":"NA","TYPE_4":"Municipality","ENGTYPE_4":"Municipality","CC_4":"NA"}},{"type":"Feature","geometry":{"type":"Polygon","coordinates":[[[-4.5969,36.6119],[-4.5949,36.6091],[-4.5964,36.5902],[-4.5938,36.5872],[-4.5897,36.5713],[-4.539,36.5785],[-4.5289,36.6072],[-4.5344,36.607],[-4.538,36.6123],[-4.5614,36.621],[-4.561,36.6191],[-4.5847,36.6175],[-4.5969,36.6119]]]},"properties":{"GID_4":"ESP.1.7.4.7_1","GID_0":"ESP","COUNTRY":"Spain","GID_1":"ESP.1_1","NAME_1":"Andalucía","GID_2":"ESP.1.7_1","NAME_2":"Málaga","GID_3":"ESP.1.7.4_1","NAME_3":"n.a.(184)","NAME_4":"BENALMADENA","VARNAME_4":"NA","TYPE_4":"Municipality","ENGTYPE_4":"Municipality","CC_4":"NA"}},{"type":"Feature","geometry":{"type":"Polygon","coordinates":[[[-5.1823,36.5187],[-5.2081,36.4843],[-5.2053,36.4794],[-5.2195,36.4299],[-5.206,36.3857],[-5.1776,36.414],[-5.0601,36.4499],[-5.0093,36.4787],[-5.0147,36.4931],[-5.0747,36.4729],[-5.1306,36.5254],[-5.1469,36.5347],[-5.1616,36.5352],[-5.1823,36.5187]]]},"properties":{"GID_4":"ESP.1.7.4.13_1","GID_0":"ESP","COUNTRY":"Spain","GID_1":"ESP.1_1","NAME_1":"Andalucía","GID_2":"ESP.1.7_1","NAME_2":"Málaga","GID_3":"ESP.1.7.4_1","NAME_3":"n.a.(184)","NAME_4":"ESTEPONA","VARNAME_4":"NA","TYPE_4":"Municipality","ENGTYPE_4":"Municipality","CC_4":"NA"}},{"type":"Feature","geometry":{"type":"Polygon","coordinates":[[[-4.5954,36.5876],[-4.6271,36.5588],[-4.6294,36.5193],[-4.5897,36.5713],[-4.5938,36.5872],[-4.5954,36.5876]]]},"properties":{"GID_4":"ESP.1.7.4.14_1","GID_0":"ESP","COUNTRY":"Spain","GID_1":"ESP.1_1","NAME_1":"Andalucía","GID_2":"ESP.1.7_1","NAME_2":"Málaga","GID_3":"ESP.1.7.4_1","NAME_3":"n.a.(184)","NAME_4":"FUENGIROLA","VARNAME_4":"NA","TYPE_4":"Municipality","ENGTYPE_4":"Municipality","CC_4":"NA"}},{"type":"Feature","geometry":{"type":"Polygon","coordinates":[[[-4.2884,36.854],[-4.2868,36.8585],[-4.297,36.8597],[-4.2984,36.8619],[-4.3076,36.8624],[-4.3642,36.8939],[-4.371,36.8933],[-4.3966,36.8447],[-4.4656,36.8497],[-4.4628,36.8429],[-4.4668,36.8132],[-4.5246,36.7806],[-4.5396,36.7713],[-4.5776,36.7809],[-4.5845,36.7809],[-4.585,36.7746],[-4.5857,36.7504],[-4.5688,36.7167],[-4.5188,36.6965],[-4.5356,36.6411],[-4.5367,36.6407],[-4.4929,36.6497],[-4.4532,36.6676],[-4.431,36.7068],[-4.3926,36.7229],[-4.3147,36.7126],[-4.3041,36.7387],[-4.3147,36.7494],[-4.3049,36.7547],[-4.2955,36.778],[-4.2904,36.7819],[-4.2923,36.7919],[-4.2618,36.8213],[-4.2653,36.8317],[-4.2884,36.854]]]},"properties":{"GID_4":"ESP.1.7.4.18_1","GID_0":"ESP","COUNTRY":"Spain","GID_1":"ESP.1_1","NAME_1":"Andalucía","GID_2":"ESP.1.7_1","NAME_2":"Málaga","GID_3":"ESP.1.7.4_1","NAME_3":"n.a.(184)","NAME_4":"MALAGA","VARNAME_4":"NA","TYPE_4":"Municipality","ENGTYPE_4":"Municipality","CC_4":"NA"}},{"type":"Feature","geometry":{"type":"Polygon","coordinates":[[[-5.0147,36.4931],[-5.0093,36.4787],[-5.0049,36.4599],[-4.9385,36.4985],[-4.8571,36.5074],[-4.7663,36.4874],[-4.7373,36.493],[-4.7353,36.5213],[-4.8025,36.5468],[-4.8448,36.531],[-4.9219,36.5549],[-4.9704,36.5369],[-5.0147,36.4931]]]},"properties":{"GID_4":"ESP.1.7.4.20_1","GID_0":"ESP","COUNTRY":"Spain","GID_1":"ESP.1_1","NAME_1":"Andalucía","GID_2":"ESP.1.7_1","NAME_2":"Málaga","GID_3":"ESP.1.7.4_1","NAME_3":"n.a.(184)","NAME_4":"MARBELLA","VARNAME_4":"NA","TYPE_4":"Municipality","ENGTYPE_4":"Municipality","CC_4":"NA"}},{"type":"Feature","geometry":{"type":"Polygon","coordinates":[[[-5.8098,37.3861],[-5.755,37.3962],[-5.72,37.4107],[-5.683,37.3688],[-5.6913,37.3599],[-5.6737,37.3469],[-5.7033,37.3066],[-5.7335,37.2981],[-5.6504,37.2474],[-5.5793,37.2811],[-5.5656,37.3218],[-5.5215,37.3518],[-5.5179,37.3697],[-5.4759,37.4005],[-5.4232,37.402],[-5.3977,37.4134],[-5.4191,37.4826],[-5.4623,37.4973],[-5.4568,37.4999],[-5.4961,37.5828],[-5.4983,37.5819],[-5.592,37.6067],[-5.6018,37.6207],[-5.6429,37.6131],[-5.6659,37.583],[-5.6742,37.5851],[-5.7638,37.5683],[-5.7785,37.5731],[-5.8188,37.5648],[-5.8499,37.5494],[-5.8687,37.5278],[-5.8399,37.4978],[-5.8175,37.4232],[-5.8194,37.3981],[-5.8188,37.3859],[-5.8098,37.3861]]]},"properties":{"GID_4":"ESP.1.8.2.4_1","GID_0":"ESP","COUNTRY":"Spain","GID_1":"ESP.1_1","NAME_1":"Andalucía","GID_2":"ESP.1.8_1","NAME_2":"Sevilla","GID_3":"ESP.1.8.2_1","NAME_3":"n.a.(227)","NAME_4":"CARMONA","VARNAME_4":"NA","TYPE_4":"Municipality","ENGTYPE_4":"Municipality","CC_4":"NA"}},{"type":"Feature","geometry":{"type":"MultiPolygon","coordinates":[[[[-4.9348,37.5999],[-4.9316,37.6174],[-4.9997,37.7066],[-5.0476,37.7182],[-5.0889,37.6947],[-5.1126,37.7026],[-5.1296,37.6988],[-5.1078,37.6626],[-5.16,37.6718],[-5.1766,37.6806],[-5.2352,37.6502],[-5.246,37.6418],[-5.2309,37.6097],[-5.1731,37.5942],[-5.1768,37.5493],[-5.1862,37.5222],[-5.2875,37.5276],[-5.2914,37.5217],[-5.2962,37.4424],[-5.2478,37.3746],[-5.2083,37.3872],[-5.101,37.3826],[-5.0564,37.3717],[-4.9698,37.3757],[-4.9122,37.4085],[-4.8868,37.4259],[-4.8846,37.438],[-4.9143,37.4832],[-4.916,37.4927],[-4.931,37.5056],[-4.9348,37.5999]]],[[[-5.2744,37.6253],[-5.3228,37.6115],[-5.2877,37.5844],[-5.2883,37.5403],[-5.285,37.5371],[-5.2485,37.5375],[-5.2552,37.5737],[-5.244,37.5932],[-5.2744,37.6253]]]]},"properties":{"GID_4":"ESP.1.8.2.5_1","GID_0":"ESP","COUNTRY":"Spain","GID_1":"ESP.1_1","NAME_1":"Andalucía","GID_2":"ESP.1.8_1","NAME_2":"Sevilla","GID_3":"ESP.1.8.2_1","NAME_3":"n.a.(227)","NAME_4":"ECIJA","VARNAME_4":"NA","TYPE_4":"Municipality","ENGTYPE_4":"Municipality","CC_4":"NA"}},{"type":"Feature","geometry":{"type":"Polygon","coordinates":[[[-5.9385,37.3621],[-5.9689,37.313],[-6.0029,37.3203],[-6.0139,37.3149],[-6.0283,37.3018],[-6.0401,37.2977],[-5.9877,37.2433],[-6.0333,37.182],[-6.0393,37.1501],[-5.9962,37.1639],[-5.9362,37.2043],[-5.9232,37.2091],[-5.921,37.2175],[-5.9075,37.2265],[-5.8833,37.2771],[-5.9156,37.3086],[-5.9036,37.3287],[-5.9265,37.3539],[-5.9385,37.3621]]]},"properties":{"GID_4":"ESP.1.8.3.7_1","GID_0":"ESP","COUNTRY":"Spain","GID_1":"ESP.1_1","NAME_1":"Andalucía","GID_2":"ESP.1.8_1","NAME_2":"Sevilla","GID_3":"ESP.1.8.3_1","NAME_3":"n.a.(228)","NAME_4":"DOS HERMANAS","VARNAME_4":"NA","TYPE_4":"Municipality","ENGTYPE_4":"Municipality","CC_4":"NA"}},{"type":"Feature","geometry":{"type":"Polygon","coordinates":[[[-5.8191,37.3904],[-5.8194,37.3981],[-5.8663,37.4025],[-5.9044,37.4429],[-5.9487,37.4529],[-6.0101,37.4432],[-6.0286,37.4426],[-6.0242,37.4324],[-6.0204,37.4205],[-6.0122,37.4158],[-6.0155,37.4008],[-6.0245,37.3857],[-6.0217,37.3795],[-6.0219,37.3674],[-6.0209,37.3368],[-6.0029,37.3203],[-5.9689,37.313],[-5.9385,37.3621],[-5.9404,37.3642],[-5.8874,37.3871],[-5.8191,37.3904]]]},"properties":{"GID_4":"ESP.1.8.3.15_1","GID_0":"ESP","COUNTRY":"Spain","GID_1":"ESP.1_1","NAME_1":"Andalucía","GID_2":"ESP.1.8_1","NAME_2":"Sevilla","GID_3":"ESP.1.8.3_1","NAME_3":"n.a.(228)","NAME_4":"SEVILLA","VARNAME_4":"NA","TYPE_4":"Municipality","ENGTYPE_4":"Municipality","CC_4":"NA"}},{"type":"Feature","geometry":{"type":"Polygon","coordinates":[[[-6.0923,37.3444],[-6.0634,37.3538],[-6.0559,37.3579],[-6.0622,37.3698],[-6.0639,37.3847],[-6.0831,37.3756],[-6.1183,37.3627],[-6.0923,37.3444]]]},"properties":{"GID_4":"ESP.1.8.4.5_1","GID_0":"ESP","COUNTRY":"Spain","GID_1":"ESP.1_1","NAME_1":"Andalucía","GID_2":"ESP.1.8_1","NAME_2":"Sevilla","GID_3":"ESP.1.8.4_1","NAME_3":"n.a.(229)","NAME_4":"BORMUJOS","VARNAME_4":"NA","TYPE_4":"Municipality","ENGTYPE_4":"Municipality","CC_4":"NA"}},{"type":"Feature","geometry":{"type":"Polygon","coordinates":[[[-6.0548,37.3586],[-6.0634,37.3538],[-6.0923,37.3444],[-6.132,37.3199],[-6.0897,37.3169],[-6.0352,37.3275],[-6.0334,37.3347],[-6.0324,37.3431],[-6.0331,37.3546],[-6.0548,37.3586]]]},"properties":{"GID_4":"ESP.1.8.4.15_1","GID_0":"ESP","COUNTRY":"Spain","GID_1":"ESP.1_1","NAME_1":"Andalucía","GID_2":"ESP.1.8_1","NAME_2":"Sevilla","GID_3":"ESP.1.8.4_1","NAME_3":"n.a.(229)","NAME_4":"MAIRENA DEL ALJARAFE","VARNAME_4":"NA","TYPE_4":"Municipality","ENGTYPE_4":"Municipality","CC_4":"NA"}},{"type":"Feature","geometry":{"type":"Polygon","coordinates":[[[-6.0139,37.3149],[-6.0218,37.3167],[-6.0316,37.3095],[-6.0326,37.3002],[-6.0283,37.3018],[-6.0139,37.3149]]]},"properties":{"GID_4":"ESP.1.8.4.21_1","GID_0":"ESP","COUNTRY":"Spain","GID_1":"ESP.1_1","NAME_1":"Andalucía","GID_2":"ESP.1.8_1","NAME_2":"Sevilla","GID_3":"ESP.1.8.4_1","NAME_3":"n.a.(229)","NAME_4":"SEVILLA","VARNAME_4":"NA","TYPE_4":"Municipality","ENGTYPE_4":"Municipality","CC_4":"NA"}},{"type":"Feature","geometry":{"type":"Polygon","coordinates":[[[0.2906,41.8198],[0.3237,41.8213],[0.3353,41.8256],[0.3398,41.8336],[0.2881,41.8702],[0.2513,41.8617],[0.2906,41.8198]]]},"properties":{"GID_4":"ESP.2.1.4.10_1","GID_0":"ESP","COUNTRY":"Spain","GID_1":"ESP.2_1","NAME_1":"Aragón","GID_2":"ESP.2.1_1","NAME_2":"Huesca","GID_3":"ESP.2.1.4_1","NAME_3":"n.a.(128)","NAME_4":"BINEFAR","VARNAME_4":"NA","TYPE_4":"Municipality","ENGTYPE_4":"Municipality","CC_4":"NA"}},{"type":"Feature","geometry":{"type":"Polygon","coordinates":[[[0.0852,41.9531],[0.0776,41.9334],[0.0259,41.8678],[0.0316,41.8574],[0.0533,41.8742],[0.122,41.871],[0.1441,41.8668],[0.186,41.8391],[0.2513,41.8617],[0.2881,41.8702],[0.2787,41.9101],[0.2626,41.9163],[0.1833,41.9558],[0.0997,41.9469],[0.0907,41.949],[0.0852,41.9531]]]},"properties":{"GID_4":"ESP.2.1.4.14_1","GID_0":"ESP","COUNTRY":"Spain","GID_1":"ESP.2_1","NAME_1":"Aragón","GID_2":"ESP.2.1_1","NAME_2":"Huesca","GID_3":"ESP.2.1.4_1","NAME_3":"n.a.(128)","NAME_4":"MONZON","VARNAME_4":"NA","TYPE_4":"Municipality","ENGTYPE_4":"Municipality","CC_4":"NA"}},{"type":"Feature","geometry":{"type":"Polygon","coordinates":[[[-0.3967,42.0548],[-0.4238,42.084],[-0.3368,42.108],[-0.3408,42.1168],[-0.3697,42.1341],[-0.3493,42.17],[-0.3545,42.175],[-0.3699,42.1947],[-0.3713,42.241],[-0.3802,42.2444],[-0.4235,42.2351],[-0.4082,42.2128],[-0.4423,42.1824],[-0.4422,42.1746],[-0.4543,42.1647],[-0.4937,42.1524],[-0.4933,42.15],[-0.4941,42.1389],[-0.5172,42.1108],[-0.4985,42.086],[-0.5148,42.0559],[-0.4941,42.0379],[-0.4361,42.0616],[-0.4317,42.0354],[-0.4292,42.0341],[-0.4074,42.028],[-0.3967,42.0548]]]},"properties":{"GID_4":"ESP.2.1.7.24_1","GID_0":"ESP","COUNTRY":"Spain","GID_1":"ESP.2_1","NAME_1":"Aragón","GID_2":"ESP.2.1_1","NAME_2":"Huesca","GID_3":"ESP.2.1.7_1","NAME_3":"n.a.(131)","NAME_4":"HUESCA","VARNAME_4":"NA","TYPE_4":"Municipality","ENGTYPE_4":"Municipality","CC_4":"NA"}},{"type":"Feature","geometry":{"type":"Polygon","coordinates":[[[-1.0996,40.5111],[-1.1056,40.4647],[-1.1364,40.427],[-1.2032,40.455],[-1.2183,40.4509],[-1.2617,40.4125],[-1.2583,40.3776],[-1.2784,40.3509],[-1.2562,40.305],[-1.2324,40.2847],[-1.2138,40.2891],[-1.1775,40.3017],[-1.1378,40.2834],[-1.118,40.2543],[-1.016,40.232],[-1.0115,40.3034],[-0.9544,40.3339],[-0.955,40.3522],[-0.9792,40.3754],[-1.0367,40.3868],[-1.0177,40.4265],[-1.0852,40.4645],[-1.0724,40.4924],[-1.0765,40.4947],[-1.0844,40.5056],[-1.0996,40.5111]]]},"properties":{"GID_4":"ESP.2.2.4.28_1","GID_0":"ESP","COUNTRY":"Spain","GID_1":"ESP.2_1","NAME_1":"Aragón","GID_2":"ESP.2.2_1","NAME_2":"Teruel","GID_3":"ESP.2.2.4_1","NAME_3":"n.a.(251)","NAME_4":"TERUEL","VARNAME_4":"NA","TYPE_4":"Municipality","ENGTYPE_4":"Municipality","CC_4":"NA"}},{"type":"Feature","geometry":{"type":"Polygon","coordinates":[[[-0.7126,41.6567],[-0.7805,41.6349],[-0.7734,41.6328],[-0.7655,41.6082],[-0.7411,41.6097],[-0.7126,41.6567]]]},"properties":{"GID_4":"ESP.2.3.2.26_1","GID_0":"ESP","COUNTRY":"Spain","GID_1":"ESP.2_1","NAME_1":"Aragón","GID_2":"ESP.2.3_1","NAME_2":"Zaragoza","GID_3":"ESP.2.3.2_1","NAME_3":"n.a.(275)","NAME_4":"PUEBLA DE ALFINDEN (LA)","VARNAME_4":"NA","TYPE_4":"Municipality","ENGTYPE_4":"Municipality","CC_4":"NA"}},{"type":"Feature","geometry":{"type":"Polygon","coordinates":[[[-0.802,41.7933],[-0.8698,41.8376],[-0.8935,41.8451],[-0.936,41.7997],[-0.877,41.785],[-0.8599,41.7414],[-0.846,41.7333],[-0.8049,41.7465],[-0.7992,41.7799],[-0.796,41.7843],[-0.802,41.7933]]]},"properties":{"GID_4":"ESP.2.3.2.60_1","GID_0":"ESP","COUNTRY":"Spain","GID_1":"ESP.2_1","NAME_1":"Aragón","GID_2":"ESP.2.3_1","NAME_2":"Zaragoza","GID_3":"ESP.2.3.2_1","NAME_3":"n.a.(275)","NAME_4":"VILLANUEVA DE GALLEGO","VARNAME_4":"NA","TYPE_4":"Municipality","ENGTYPE_4":"Municipality","CC_4":"NA"}},{"type":"Feature","geometry":{"type":"MultiPolygon","coordinates":[[[[-0.9739,41.929],[-0.9958,41.9231],[-1.0788,41.886],[-1.1229,41.8043],[-1.0657,41.791],[-1.0055,41.7501],[-0.9905,41.7389],[-0.9736,41.7078],[-0.9879,41.6944],[-1.0319,41.6986],[-1.0151,41.7298],[-1.054,41.7313],[-1.0754,41.7388],[-1.0512,41.7275],[-1.0869,41.7106],[-1.1175,41.7423],[-1.1324,41.7431],[-1.1678,41.7206],[-1.1476,41.6935],[-1.1579,41.6751],[-1.1584,41.6594],[-1.1736,41.6472],[-1.1143,41.644],[-1.0761,41.6214],[-1.0601,41.6156],[-1.0366,41.5872],[-1.0325,41.5783],[-0.9821,41.5479],[-0.9499,41.5771],[-0.9363,41.5803],[-0.9483,41.5669],[-0.9452,41.5172],[-0.9174,41.4864],[-0.8733,41.4927],[-0.8251,41.4517],[-0.7329,41.5002],[-0.6859,41.4919],[-0.6863,41.5248],[-0.6803,41.5312],[-0.7875,41.5875],[-0.7889,41.5931],[-0.7819,41.6353],[-0.7805,41.6349],[-0.7126,41.6567],[-0.6825,41.6613],[-0.6558,41.699],[-0.7014,41.7218],[-0.6999,41.7798],[-0.7148,41.7877],[-0.7246,41.7897],[-0.7967,41.7979],[-0.802,41.7933],[-0.796,41.7843],[-0.7992,41.7799],[-0.8049,41.7465],[-0.846,41.7333],[-0.8599,41.7414],[-0.877,41.785],[-0.936,41.7997],[-0.8935,41.8451],[-0.8916,41.8463],[-0.9332,41.8802],[-0.9553,41.9311],[-0.9739,41.929]]],[[[-1.103,41.7573],[-1.1006,41.7491],[-1.0754,41.7388],[-1.103,41.7573]]]]},"properties":{"GID_4":"ESP.2.3.2.61_1","GID_0":"ESP","COUNTRY":"Spain","GID_1":"ESP.2_1","NAME_1":"Aragón","GID_2":"ESP.2.3_1","NAME_2":"Zaragoza","GID_3":"ESP.2.3.2_1","NAME_3":"n.a.(275)","NAME_4":"ZARAGOZA","VARNAME_4":"NA","TYPE_4":"Municipality","ENGTYPE_4":"Municipality","CC_4":"NA"}},{"type":"Feature","geometry":{"type":"Polygon","coordinates":[[[-1.1622,41.5335],[-1.1648,41.5251],[-1.1342,41.525],[-1.1277,41.529],[-1.1622,41.5335]]]},"properties":{"GID_4":"ESP.2.3.3.38_1","GID_0":"ESP","COUNTRY":"Spain","GID_1":"ESP.2_1","NAME_1":"Aragón","GID_2":"ESP.2.3_1","NAME_2":"Zaragoza","GID_3":"ESP.2.3.3_1","NAME_3":"n.a.(276)","NAME_4":"ZARAGOZA","VARNAME_4":"NA","TYPE_4":"Municipality","ENGTYPE_4":"Municipality","CC_4":"NA"}},{"type":"Feature","geometry":{"type":"Polygon","coordinates":[[[-4.0192,43.2271],[-4.0512,43.25],[-4.0741,43.3001],[-4.1189,43.2942],[-4.1388,43.2906],[-4.1474,43.2545],[-4.0665,43.2287],[-4.0265,43.22],[-4.0192,43.2271]]]},"properties":{"GID_4":"ESP.3.1.2.6_1","GID_0":"ESP","COUNTRY":"Spain","GID_1":"ESP.3_1","NAME_1":"Cantabria","GID_2":"ESP.3.1_1","NAME_2":"Cantabria","GID_3":"ESP.3.1.2_1","NAME_3":"Besaya","NAME_4":"CORRALES DE BUELNA (LOS)","VARNAME_4":"NA","TYPE_4":"Municipality","ENGTYPE_4":"Municipality","CC_4":"NA"}},{"type":"Feature","geometry":{"type":"Polygon","coordinates":[[[-4.0741,43.3001],[-4.0134,43.3039],[-4.0056,43.331],[-4.0078,43.3554],[-4.0242,43.3566],[-4.0301,43.3606],[-4.0443,43.3819],[-4.0502,43.3725],[-4.0751,43.3619],[-4.08,43.3429],[-4.0741,43.3001]]]},"properties":{"GID_4":"ESP.3.1.2.11_1","GID_0":"ESP","COUNTRY":"Spain","GID_1":"ESP.3_1","NAME_1":"Cantabria","GID_2":"ESP.3.1_1","NAME_2":"Cantabria","GID_3":"ESP.3.1.2_1","NAME_3":"Besaya","NAME_4":"TORRELAVEGA","VARNAME_4":"NA","TYPE_4":"Municipality","ENGTYPE_4":"Municipality","CC_4":"NA"}},{"type":"Feature","geometry":null,"properties":{"GID_4":"ESP.3.1.3.6_1","GID_0":"ESP","COUNTRY":"Spain","GID_1":"ESP.3_1","NAME_1":"Cantabria","GID_2":"ESP.3.1_1","NAME_2":"Cantabria","GID_3":"ESP.3.1.3_1","NAME_3":"Campoo-LosValles","NAME_4":"REINOSA","VARNAME_4":"NA","TYPE_4":"Municipality","ENGTYPE_4":"Municipality","CC_4":"NA"}},{"type":"Feature","geometry":{"type":"Polygon","coordinates":[[[-3.8296,43.4344],[-3.7876,43.4765],[-3.8104,43.4946],[-3.8754,43.4694],[-3.889,43.4483],[-3.8865,43.4404],[-3.8296,43.4344]]]},"properties":{"GID_4":"ESP.3.1.4.7_1","GID_0":"ESP","COUNTRY":"Spain","GID_1":"ESP.3_1","NAME_1":"Cantabria","GID_2":"ESP.3.1_1","NAME_2":"Cantabria","GID_3":"ESP.3.1.4_1","NAME_3":"ComarcadeSantander","NAME_4":"SANTANDER","VARNAME_4":"NA","TYPE_4":"Municipality","ENGTYPE_4":"Municipality","CC_4":"NA"}},{"type":"Feature","geometry":{"type":"Polygon","coordinates":[[[-3.2252,43.3089],[-3.2179,43.2917],[-3.2183,43.2868],[-3.2095,43.2835],[-3.1515,43.3068],[-3.1509,43.3488],[-3.2082,43.3768],[-3.2229,43.3968],[-3.3365,43.4143],[-3.3246,43.3869],[-3.3183,43.3863],[-3.28,43.3586],[-3.2794,43.3371],[-3.2252,43.3089]]]},"properties":{"GID_4":"ESP.3.1.6.1_1","GID_0":"ESP","COUNTRY":"Spain","GID_1":"ESP.3_1","NAME_1":"Cantabria","GID_2":"ESP.3.1_1","NAME_2":"Cantabria","GID_3":"ESP.3.1.6_1","NAME_3":"CostaOriental","NAME_4":"CASTRO-URDIALES","VARNAME_4":"NA","TYPE_4":"Municipality","ENGTYPE_4":"Municipality","CC_4":"NA"}},{"type":"Feature","geometry":{"type":"Polygon","coordinates":[[[-3.4287,43.3905],[-3.4313,43.3933],[-3.4529,43.4021],[-3.4343,43.3777],[-3.4287,43.3905]]]},"properties":{"GID_4":"ESP.3.1.6.2_1","GID_0":"ESP","COUNTRY":"Spain","GID_1":"ESP.3_1","NAME_1":"Cantabria","GID_2":"ESP.3.1_1","NAME_2":"Cantabria","GID_3":"ESP.3.1.6_1","NAME_3":"CostaOriental","NAME_4":"COLINDRES","VARNAME_4":"NA","TYPE_4":"Municipality","ENGTYPE_4":"Municipality","CC_4":"NA"}},{"type":"Feature","geometry":{"type":"Polygon","coordinates":[[[-3.4022,43.3821],[-3.3917,43.392],[-3.3833,43.4126],[-3.4529,43.4021],[-3.4313,43.3933],[-3.4268,43.3898],[-3.4191,43.3996],[-3.4022,43.3821]]]},"properties":{"GID_4":"ESP.3.1.6.3_1","GID_0":"ESP","COUNTRY":"Spain","GID_1":"ESP.3_1","NAME_1":"Cantabria","GID_2":"ESP.3.1_1","NAME_2":"Cantabria","GID_3":"ESP.3.1.6_1","NAME_3":"CostaOriental","NAME_4":"LAREDO","VARNAME_4":"NA","TYPE_4":"Municipality","ENGTYPE_4":"Municipality","CC_4":"NA"}},{"type":"Feature","geometry":{"type":"Polygon","coordinates":[[[-3.4732,43.4528],[-3.4794,43.466],[-3.4844,43.4642],[-3.4732,43.4528]]]},"properties":{"GID_4":"ESP.3.1.11.17_1","GID_0":"ESP","COUNTRY":"Spain","GID_1":"ESP.3_1","NAME_1":"Cantabria","GID_2":"ESP.3.1_1","NAME_2":"Cantabria","GID_3":"ESP.3.1.11_1","NAME_3":"Trasmiera","NAME_4":"SANTOÑA","VARNAME_4":"NA","TYPE_4":"Municipality","ENGTYPE_4":"Municipality","CC_4":"NA"}},{"type":"Feature","geometry":{"type":"Polygon","coordinates":[[[-2.0927,39.0008],[-2.059,38.9357],[-2.0487,38.8895],[-2.0561,38.887],[-2.0018,38.8138],[-1.9702,38.822],[-1.9202,38.7911],[-1.8942,38.7817],[-1.8447,38.6893],[-1.7085,38.6738],[-1.6555,38.6783],[-1.6227,38.6799],[-1.6416,38.7132],[-1.6743,38.7329],[-1.6786,38.7402],[-1.6925,38.7131],[-1.7095,38.6943],[-1.7258,38.725],[-1.7826,38.7812],[-1.7867,38.787],[-1.8155,38.7652],[-1.8436,38.7856],[-1.7947,38.8399],[-1.7826,38.8762],[-1.8199,38.9242],[-1.6688,39.0799],[-1.7442,39.1387],[-1.7475,39.137],[-1.7724,39.1477],[-1.8047,39.1633],[-1.8243,39.1687],[-1.8973,39.1712],[-1.9676,39.1828],[-1.976,39.1863],[-1.9285,39.1468],[-1.9201,39.0881],[-1.9415,39.064],[-2.0143,39.0504],[-2.1075,39.1188],[-2.1803,39.1002],[-2.0927,39.0008]]]},"properties":{"GID_4":"ESP.4.1.1.1_1","GID_0":"ESP","COUNTRY":"Spain","GID_1":"ESP.4_1","NAME_1":"Castilla-LaMancha","GID_2":"ESP.4.1_1","NAME_2":"Albacete","GID_3":"ESP.4.1.1_1","NAME_3":"n.a.(10)","NAME_4":"ALBACETE","VARNAME_4":"NA","TYPE_4":"Municipality","ENGTYPE_4":"Municipality","CC_4":"NA"}},{"type":"Feature","geometry":{"type":"Polygon","coordinates":[[[-1.1718,38.9201],[-1.2017,38.8999],[-1.258,38.891],[-1.2983,38.8379],[-1.2769,38.8277],[-1.1839,38.7544],[-1.12,38.7379],[-1.0672,38.7366],[-0.9677,38.7733],[-0.9499,38.7761],[-0.9289,38.7839],[-0.9356,38.856],[-0.9245,38.8918],[-0.9593,38.9446],[-1.1059,38.9286],[-1.1466,38.9294],[-1.1718,38.9201]]]},"properties":{"GID_4":"ESP.4.1.3.1_1","GID_0":"ESP","COUNTRY":"Spain","GID_1":"ESP.4_1","NAME_1":"Castilla-LaMancha","GID_2":"ESP.4.1_1","NAME_2":"Albacete","GID_3":"ESP.4.1.3_1","NAME_3":"n.a.(12)","NAME_4":"ALMANSA","VARNAME_4":"NA","TYPE_4":"Municipality","ENGTYPE_4":"Municipality","CC_4":"NA"}},{"type":"Feature","geometry":{"type":"Polygon","coordinates":[[[-2.5558,39.0882],[-2.5579,39.0934],[-2.556,39.1084],[-2.4617,39.1579],[-2.4073,39.1675],[-2.3817,39.155],[-2.3545,39.1636],[-2.3398,39.1983],[-2.3876,39.2453],[-2.4316,39.2771],[-2.4538,39.2919],[-2.511,39.3422],[-2.5508,39.3235],[-2.6192,39.3402],[-2.6623,39.322],[-2.7422,39.3182],[-2.7231,39.2648],[-2.8426,39.1345],[-2.8224,39.0927],[-2.8068,39.0434],[-2.7056,39.0635],[-2.6776,39.0665],[-2.5979,39.0444],[-2.5869,39.0781],[-2.5558,39.0882]]]},"properties":{"GID_4":"ESP.4.1.6.10_1","GID_0":"ESP","COUNTRY":"Spain","GID_1":"ESP.4_1","NAME_1":"Castilla-LaMancha","GID_2":"ESP.4.1_1","NAME_2":"Albacete","GID_3":"ESP.4.1.6_1","NAME_3":"n.a.(8)","NAME_4":"VILLARROBLEDO","VARNAME_4":"NA","TYPE_4":"Municipality","ENGTYPE_4":"Municipality","CC_4":"NA"}},{"type":"Feature","geometry":{"type":"Polygon","coordinates":[[[-3.0557,39.253],[-3.0464,39.2448],[-3.0248,39.1922],[-3.058,39.1733],[-3.0261,39.1441],[-2.9592,39.1017],[-2.9256,39.0989],[-2.8743,39.0901],[-2.8873,39.1637],[-2.9221,39.1556],[-2.9324,39.2683],[-2.9452,39.3504],[-2.9705,39.3501],[-2.9883,39.3415],[-2.9878,39.3398],[-3.0102,39.3036],[-3.0557,39.253]]]},"properties":{"GID_4":"ESP.4.2.1.19_1","GID_0":"ESP","COUNTRY":"Spain","GID_1":"ESP.4_1","NAME_1":"Castilla-LaMancha","GID_2":"ESP.4.2_1","NAME_2":"CiudadReal","GID_3":"ESP.4.2.1_1","NAME_3":"n.a.(79)","NAME_4":"TOMELLOSO","VARNAME_4":"NA","TYPE_4":"Municipality","ENGTYPE_4":"Municipality","CC_4":"NA"}},{"type":"Feature","geometry":{"type":"Polygon","coordinates":[[[-3.5118,38.8521],[-3.5145,38.7667],[-3.5365,38.7234],[-3.5492,38.7143],[-3.4731,38.6789],[-3.4146,38.6705],[-3.4107,38.6741],[-3.4041,38.6872],[-3.335,38.6873],[-3.3204,38.6759],[-3.2859,38.684],[-3.2604,38.7121],[-3.2455,38.7159],[-3.2476,38.7427],[-3.2835,38.762],[-3.2464,38.806],[-3.2661,38.8095],[-3.2897,38.8383],[-3.3426,38.8049],[-3.3573,38.8279],[-3.3503,38.8988],[-3.3906,38.9486],[-3.4442,38.9286],[-3.4892,38.8986],[-3.5118,38.8521]]]},"properties":{"GID_4":"ESP.4.2.1.20_1","GID_0":"ESP","COUNTRY":"Spain","GID_1":"ESP.4_1","NAME_1":"Castilla-LaMancha","GID_2":"ESP.4.2_1","NAME_2":"CiudadReal","GID_3":"ESP.4.2.1_1","NAME_3":"n.a.(79)","NAME_4":"VALDEPEÑAS","VARNAME_4":"NA","TYPE_4":"Municipality","ENGTYPE_4":"Municipality","CC_4":"NA"}},{"type":"Feature","geometry":{"type":"Polygon","coordinates":[[[-4.0516,38.9342],[-3.9938,38.9592],[-3.9588,38.9453],[-3.9569,38.9232],[-4.0258,38.8996],[-4.0228,38.8969],[-4.0197,38.8884],[-4.0041,38.8468],[-3.9606,38.8758],[-3.943,38.8686],[-3.9395,38.8714],[-3.928,38.8669],[-3.9168,38.8629],[-3.9114,38.8654],[-3.879,38.8691],[-3.8731,38.9118],[-3.8885,38.9103],[-3.9169,38.93],[-3.9184,38.9644],[-3.8885,38.9843],[-3.8851,38.9942],[-3.8879,39.004],[-3.8822,39.0331],[-3.909,39.0566],[-3.9156,39.06],[-4.0444,39.0811],[-4.0476,39.0385],[-4.0901,39.022],[-4.0807,38.9439],[-4.0516,38.9342]]]},"properties":{"GID_4":"ESP.4.2.2.12_1","GID_0":"ESP","COUNTRY":"Spain","GID_1":"ESP.4_1","NAME_1":"Castilla-LaMancha","GID_2":"ESP.4.2_1","NAME_2":"CiudadReal","GID_3":"ESP.4.2.2_1","NAME_3":"n.a.(80)","NAME_4":"CIUDAD REAL","VARNAME_4":"NA","TYPE_4":"Municipality","ENGTYPE_4":"Municipality","CC_4":"NA"}},{"type":"Feature","geometry":{"type":"MultiPolygon","coordinates":[[[[-3.8207,38.9713],[-3.818,38.9864],[-3.8865,39.0092],[-3.8879,39.004],[-3.8851,38.9942],[-3.8885,38.9843],[-3.9184,38.9644],[-3.9169,38.93],[-3.8885,38.9103],[-3.8703,38.912],[-3.8469,38.9327],[-3.8207,38.9713]]],[[[-3.872,39.07],[-3.8591,39.07],[-3.8892,39.0927],[-3.9289,39.092],[-4.0045,39.1126],[-4.0337,39.1066],[-4.0618,39.1139],[-4.0444,39.0811],[-3.9156,39.06],[-3.9105,39.0584],[-3.8973,39.0674],[-3.872,39.07]]]]},"properties":{"GID_4":"ESP.4.2.2.17_1","GID_0":"ESP","COUNTRY":"Spain","GID_1":"ESP.4_1","NAME_1":"Castilla-LaMancha","GID_2":"ESP.4.2_1","NAME_2":"CiudadReal","GID_3":"ESP.4.2.2_1","NAME_3":"n.a.(80)","NAME_4":"MIGUELTURRA","VARNAME_4":"NA","TYPE_4":"Municipality","ENGTYPE_4":"Municipality","CC_4":"NA"}},{"type":"Feature","geometry":{"type":"Polygon","coordinates":[[[-1.8063,40.3983],[-1.8564,40.4288],[-1.8794,40.494],[-1.8913,40.5101],[-1.9121,40.5215],[-1.9591,40.517],[-1.9505,40.4903],[-1.9858,40.4762],[-2.0212,40.4606],[-2.067,40.4656],[-2.1123,40.49],[-2.1291,40.4947],[-2.0848,40.4564],[-2.1164,40.4264],[-2.0822,40.407],[-2.0427,40.367],[-1.9963,40.3515],[-1.9838,40.3199],[-2.0053,40.2558],[-2.0089,40.2554],[-1.9819,40.2261],[-1.9226,40.2178],[-1.922,40.2164],[-1.9024,40.2223],[-1.8601,40.2207],[-1.847,40.2145],[-1.8028,40.2114],[-1.794,40.2283],[-1.8424,40.2264],[-1.8724,40.2739],[-1.861,40.2998],[-1.7745,40.3279],[-1.7457,40.279],[-1.7418,40.2779],[-1.722,40.2767],[-1.7192,40.2771],[-1.7292,40.3032],[-1.7075,40.3267],[-1.7672,40.3824],[-1.8063,40.3983]],[[-1.9961,40.4179],[-2.0114,40.3952],[-2.0626,40.3934],[-2.0946,40.4303],[-2.0713,40.464],[-2.031,40.4525],[-1.9961,40.4179]],[[-1.95,40.4656],[-1.9289,40.4363],[-1.9705,40.4291],[-1.988,40.4498],[-1.95,40.4656]],[[-1.8722,40.4097],[-1.8422,40.4027],[-1.7918,40.3604],[-1.7852,40.3292],[-1.8612,40.3273],[-1.8961,40.3788],[-1.8722,40.4097]]]},"properties":{"GID_4":"ESP.4.3.2.4_1","GID_0":"ESP","COUNTRY":"Spain","GID_1":"ESP.4_1","NAME_1":"Castilla-LaMancha","GID_2":"ESP.4.3_1","NAME_2":"Cuenca","GID_3":"ESP.4.3.2_1","NAME_3":"n.a.(94)","NAME_4":"CUENCA","VARNAME_4":"NA","TYPE_4":"Municipality","ENGTYPE_4":"Municipality","CC_4":"NA"}},{"type":"Feature","geometry":{"type":"MultiPolygon","coordinates":[[[[-2.0589,39.8816],[-2.0611,39.8771],[-2.1037,39.8576],[-2.1057,39.8618],[-2.0921,39.8501],[-2.0726,39.8472],[-2.0426,39.8582],[-2.0058,39.8265],[-1.9992,39.8356],[-1.9967,39.8525],[-2.0418,39.8761],[-2.048,39.8852],[-2.0589,39.8816]]],[[[-2.2428,40.1663],[-2.2452,40.1381],[-2.1819,40.1247],[-2.1693,40.1111],[-2.2139,40.0835],[-2.2471,40.0648],[-2.3234,40.0741],[-2.3309,40.0652],[-2.3489,40.0256],[-2.2839,40.0079],[-2.2403,40.0124],[-2.2289,40.0436],[-2.185,40.0655],[-2.1374,40.0189],[-2.1331,40.0222],[-2.0491,39.9902],[-2.0053,39.9999],[-1.9783,39.9739],[-1.958,40.0048],[-1.9066,40.0236],[-1.9295,40.0464],[-1.9088,40.0959],[-1.882,40.1077],[-1.8197,40.0992],[-1.8182,40.1137],[-1.8341,40.1516],[-1.8612,40.1888],[-1.847,40.2145],[-1.8601,40.2207],[-1.9024,40.2223],[-1.922,40.2164],[-1.92,40.2116],[-1.9755,40.1914],[-2.0232,40.242],[-2.0182,40.2585],[-2.0547,40.2457],[-2.0762,40.2103],[-2.0772,40.1871],[-2.0845,40.1613],[-2.1146,40.1451],[-2.1793,40.1567],[-2.1827,40.1775],[-2.1953,40.1926],[-2.2288,40.181],[-2.2428,40.1663]],[[-2.0426,40.103],[-2.0539,40.1201],[-1.9964,40.1559],[-1.9338,40.1512],[-1.927,40.1049],[-1.9764,40.0903],[-1.9582,40.0617],[-2.0128,40.0434],[-2.0903,40.0651],[-2.0426,40.103]]]]},"properties":{"GID_4":"ESP.4.3.3.14_1","GID_0":"ESP","COUNTRY":"Spain","GID_1":"ESP.4_1","NAME_1":"Castilla-LaMancha","GID_2":"ESP.4.3_1","NAME_2":"Cuenca","GID_3":"ESP.4.3.3_1","NAME_3":"n.a.(95)","NAME_4":"CUENCA","VARNAME_4":"NA","TYPE_4":"Municipality","ENGTYPE_4":"Municipality","CC_4":"NA"}},{"type":"Feature","geometry":{"type":"MultiPolygon","coordinates":[[[[-3.0861,40.7236],[-3.0871,40.7231],[-3.1069,40.6866],[-3.1588,40.6884],[-3.1572,40.7127],[-3.1878,40.71],[-3.199,40.6943],[-3.1993,40.6915],[-3.183,40.6863],[-3.1807,40.6858],[-3.1756,40.6641],[-3.1989,40.6446],[-3.2106,40.6058],[-3.1983,40.6139],[-3.1825,40.6061],[-3.1411,40.5839],[-3.1642,40.5494],[-3.1905,40.5517],[-3.1994,40.5166],[-3.1664,40.5064],[-3.1544,40.4795],[-3.1322,40.4608],[-3.1014,40.4708],[-3.1085,40.4947],[-3.1227,40.532],[-3.1191,40.5342],[-3.1097,40.5563],[-3.1079,40.577],[-3.1053,40.581],[-3.099,40.5903],[-3.0816,40.6003],[-3.0987,40.6315],[-3.0849,40.648],[-3.0785,40.6724],[-3.0644,40.7121],[-3.0814,40.7194],[-3.0861,40.7236]]],[[[-2.985,40.6334],[-3.0051,40.6231],[-2.9925,40.6167],[-2.9903,40.6194],[-2.9911,40.6207],[-2.9832,40.6269],[-2.985,40.6334]]]]},"properties":{"GID_4":"ESP.4.4.4.28_1","GID_0":"ESP","COUNTRY":"Spain","GID_1":"ESP.4_1","NAME_1":"Castilla-LaMancha","GID_2":"ESP.4.4_1","NAME_2":"Guadalajara","GID_3":"ESP.4.4.4_1","NAME_3":"n.a.(122)","NAME_4":"GUADALAJARA","VARNAME_4":"NA","TYPE_4":"Municipality","ENGTYPE_4":"Municipality","CC_4":"NA"}},{"type":"Feature","geometry":{"type":"Polygon","coordinates":[[[-4.893,39.8991],[-4.8814,39.9042],[-4.8232,39.8854],[-4.7695,39.9386],[-4.7603,39.9508],[-4.7474,39.9523],[-4.7241,39.9742],[-4.6596,39.961],[-4.6598,39.9717],[-4.6447,39.9992],[-4.7589,39.9713],[-4.774,39.9768],[-4.8322,40.0002],[-4.8502,40.0188],[-4.8619,39.998],[-4.9501,39.9813],[-5.0037,39.9572],[-5.0598,39.9619],[-5.0141,39.93],[-4.9528,39.9434],[-4.9276,39.9363],[-4.893,39.8991]]]},"properties":{"GID_4":"ESP.4.5.5.43_1","GID_0":"ESP","COUNTRY":"Spain","GID_1":"ESP.4_1","NAME_1":"Castilla-LaMancha","GID_2":"ESP.4.5_1","NAME_2":"Toledo","GID_3":"ESP.4.5.5_1","NAME_3":"n.a.(258)","NAME_4":"TALAVERA DE LA REINA","VARNAME_4":"NA","TYPE_4":"Municipality","ENGTYPE_4":"Municipality","CC_4":"NA"}},{"type":"Feature","geometry":{"type":"Polygon","coordinates":[[[-4.0806,40.1436],[-4.056,40.1541],[-4.0535,40.154],[-4.0515,40.1716],[-4.002,40.1821],[-3.958,40.1773],[-3.9561,40.1986],[-3.9529,40.2123],[-3.9923,40.2097],[-4.0236,40.2491],[-4.0804,40.2665],[-4.1041,40.2418],[-4.0801,40.2303],[-4.0715,40.1927],[-4.1027,40.1834],[-4.1316,40.1885],[-4.1537,40.1832],[-4.1673,40.1745],[-4.1683,40.1713],[-4.1093,40.1678],[-4.1023,40.1363],[-4.0806,40.1436]]]},"properties":{"GID_4":"ESP.4.5.6.9_1","GID_0":"ESP","COUNTRY":"Spain","GID_1":"ESP.4_1","NAME_1":"Castilla-LaMancha","GID_2":"ESP.4.5_1","NAME_2":"Toledo","GID_3":"ESP.4.5.6_1","NAME_3":"n.a.(259)","NAME_4":"CASARRUBIOS DEL MONTE","VARNAME_4":"NA","TYPE_4":"Municipality","ENGTYPE_4":"Municipality","CC_4":"NA"}},{"type":"Feature","geometry":{"type":"Polygon","coordinates":[[[-3.9094,40.1505],[-3.9138,40.1286],[-3.9072,40.1272],[-3.8977,40.1204],[-3.8989,40.1109],[-3.8643,40.099],[-3.8175,40.0975],[-3.8234,40.1021],[-3.8226,40.123],[-3.7718,40.1396],[-3.8001,40.1757],[-3.806,40.1775],[-3.8102,40.1691],[-3.841,40.1625],[-3.8859,40.1431],[-3.9034,40.1565],[-3.9094,40.1505]]]},"properties":{"GID_4":"ESP.4.5.6.20_1","GID_0":"ESP","COUNTRY":"Spain","GID_1":"ESP.4_1","NAME_1":"Castilla-LaMancha","GID_2":"ESP.4.5_1","NAME_2":"Toledo","GID_3":"ESP.4.5.6_1","NAME_3":"n.a.(259)","NAME_4":"ILLESCAS","VARNAME_4":"NA","TYPE_4":"Municipality","ENGTYPE_4":"Municipality","CC_4":"NA"}},{"type":"Feature","geometry":{"type":"Polygon","coordinates":[[[-3.8146,39.8859],[-3.8343,39.8998],[-3.8695,39.9047],[-3.8763,39.9109],[-3.8786,39.9091],[-3.9471,39.9062],[-3.9459,39.9171],[-4.0131,39.9102],[-4.015,39.9076],[-4.0772,39.9254],[-4.0894,39.9036],[-4.1568,39.907],[-4.1595,39.9129],[-4.1788,39.9082],[-4.1688,39.8826],[-4.1619,39.8788],[-4.1524,39.8795],[-4.1556,39.8711],[-4.1732,39.8612],[-4.1777,39.8403],[-4.1728,39.8399],[-4.0917,39.8176],[-4.0517,39.8264],[-4.0461,39.8168],[-4.0052,39.8207],[-4.0043,39.8151],[-3.9766,39.8155],[-3.9778,39.8179],[-3.94,39.8513],[-3.8592,39.8476],[-3.8602,39.8801],[-3.8146,39.8859]]]},"properties":{"GID_4":"ESP.4.5.6.36_1","GID_0":"ESP","COUNTRY":"Spain","GID_1":"ESP.4_1","NAME_1":"Castilla-LaMancha","GID_2":"ESP.4.5_1","NAME_2":"Toledo","GID_3":"ESP.4.5.6_1","NAME_3":"n.a.(259)","NAME_4":"TOLEDO","VARNAME_4":"NA","TYPE_4":"Municipality","ENGTYPE_4":"Municipality","CC_4":"NA"}},{"type":"Feature","geometry":{"type":"Polygon","coordinates":[[[-4.6895,40.7343],[-4.7017,40.7055],[-4.7645,40.7269],[-4.7785,40.7448],[-4.7949,40.7535],[-4.7977,40.7531],[-4.8142,40.7235],[-4.8158,40.7223],[-4.814,40.7157],[-4.8,40.7187],[-4.7949,40.7139],[-4.7953,40.7084],[-4.7433,40.6816],[-4.7367,40.6563],[-4.7526,40.6576],[-4.7202,40.6439],[-4.7153,40.6418],[-4.7432,40.6057],[-4.7629,40.576],[-4.7681,40.5738],[-4.7016,40.5608],[-4.6889,40.5641],[-4.6913,40.589],[-4.565,40.6655],[-4.5124,40.6231],[-4.4789,40.6197],[-4.4696,40.6344],[-4.4655,40.6349],[-4.4535,40.6681],[-4.4697,40.6925],[-4.5281,40.6941],[-4.5763,40.6809],[-4.6115,40.7086],[-4.6233,40.7061],[-4.6322,40.7178],[-4.6453,40.7173],[-4.6523,40.7363],[-4.6528,40.7351],[-4.6647,40.733],[-4.6759,40.7319],[-4.6895,40.7343]]]},"properties":{"GID_4":"ESP.5.1.2.3_1","GID_0":"ESP","COUNTRY":"Spain","GID_1":"ESP.5_1","NAME_1":"CastillayLeón","GID_2":"ESP.5.1_1","NAME_2":"Ávila","GID_3":"ESP.5.1.2_1","NAME_3":"n.a.(24)","NAME_4":"AVILA","VARNAME_4":"NA","TYPE_4":"Municipality","ENGTYPE_4":"Municipality","CC_4":"NA"}},{"type":"Feature","geometry":{"type":"Polygon","coordinates":[[[-3.7887,42.3668],[-3.7815,42.3639],[-3.7924,42.3555],[-3.7489,42.3264],[-3.7444,42.3176],[-3.7019,42.3072],[-3.7027,42.2857],[-3.6881,42.2856],[-3.656,42.314],[-3.6492,42.3092],[-3.6394,42.3367],[-3.5936,42.3486],[-3.5983,42.3697],[-3.586,42.3722],[-3.5866,42.4043],[-3.5981,42.403],[-3.6137,42.3925],[-3.628,42.3873],[-3.656,42.3873],[-3.6683,42.4015],[-3.6781,42.3969],[-3.6984,42.3917],[-3.7098,42.3773],[-3.7887,42.3668]]]},"properties":{"GID_4":"ESP.5.2.4.8_1","GID_0":"ESP","COUNTRY":"Spain","GID_1":"ESP.5_1","NAME_1":"CastillayLeón","GID_2":"ESP.5.2_1","NAME_2":"Burgos","GID_3":"ESP.5.2.4_1","NAME_3":"n.a.(62)","NAME_4":"BURGOS","VARNAME_4":"NA","TYPE_4":"Municipality","ENGTYPE_4":"Municipality","CC_4":"NA"}},{"type":"Feature","geometry":{"type":"Polygon","coordinates":[[[-3.0047,42.6443],[-2.98,42.6353],[-2.9758,42.6391],[-2.9241,42.6217],[-2.916,42.6195],[-2.9044,42.6202],[-2.8939,42.6213],[-2.8821,42.6207],[-2.858,42.6382],[-2.8891,42.6492],[-2.8998,42.6729],[-2.895,42.6793],[-2.9305,42.7082],[-2.9563,42.7104],[-2.987,42.7088],[-3.0178,42.7412],[-3.0407,42.7385],[-3.0427,42.7322],[-3.025,42.7094],[-3.0244,42.6748],[-3.0047,42.6443]]]},"properties":{"GID_4":"ESP.5.2.5.40_1","GID_0":"ESP","COUNTRY":"Spain","GID_1":"ESP.5_1","NAME_1":"CastillayLeón","GID_2":"ESP.5.2_1","NAME_2":"Burgos","GID_3":"ESP.5.2.5_1","NAME_3":"n.a.(63)","NAME_4":"MIRANDA DE EBRO","VARNAME_4":"NA","TYPE_4":"Municipality","ENGTYPE_4":"Municipality","CC_4":"NA"}},{"type":"Feature","geometry":{"type":"Polygon","coordinates":[[[-3.7237,41.6314],[-3.6644,41.6467],[-3.6037,41.6498],[-3.5748,41.6595],[-3.5736,41.6723],[-3.6092,41.6889],[-3.5894,41.7362],[-3.6218,41.715],[-3.6573,41.7258],[-3.6625,41.73],[-3.6814,41.725],[-3.7259,41.7197],[-3.7514,41.7459],[-3.7636,41.7423],[-3.7682,41.7483],[-3.7713,41.7482],[-3.8092,41.7307],[-3.7823,41.6933],[-3.7479,41.7025],[-3.7354,41.6675],[-3.7433,41.6669],[-3.7323,41.6337],[-3.7237,41.6314]]]},"properties":{"GID_4":"ESP.5.2.9.3_1","GID_0":"ESP","COUNTRY":"Spain","GID_1":"ESP.5_1","NAME_1":"CastillayLeón","GID_2":"ESP.5.2_1","NAME_2":"Burgos","GID_3":"ESP.5.2.9_1","NAME_3":"n.a.(67)","NAME_4":"ARANDA DE DUERO","VARNAME_4":"NA","TYPE_4":"Municipality","ENGTYPE_4":"Municipality","CC_4":"NA"}},{"type":"Feature","geometry":{"type":"Polygon","coordinates":[[[-6.6435,42.5958],[-6.6495,42.5531],[-6.7003,42.5526],[-6.7121,42.5106],[-6.6595,42.5045],[-6.6475,42.4748],[-6.6022,42.4408],[-6.5724,42.4114],[-6.4966,42.3862],[-6.4761,42.3877],[-6.4922,42.4257],[-6.446,42.4385],[-6.4365,42.4418],[-6.427,42.4383],[-6.4158,42.4782],[-6.4474,42.4825],[-6.5178,42.5296],[-6.5414,42.5645],[-6.55,42.5947],[-6.5498,42.6038],[-6.6012,42.6127],[-6.6435,42.5958]]]},"properties":{"GID_4":"ESP.5.3.1.25_1","GID_0":"ESP","COUNTRY":"Spain","GID_1":"ESP.5_1","NAME_1":"CastillayLeón","GID_2":"ESP.5.3_1","NAME_2":"León","GID_3":"ESP.5.3.1_1","NAME_3":"n.a.(148)","NAME_4":"PONFERRADA","VARNAME_4":"NA","TYPE_4":"Municipality","ENGTYPE_4":"Municipality","CC_4":"NA"}},{"type":"Feature","geometry":{"type":"Polygon","coordinates":[[[-5.6311,42.5844],[-5.6235,42.5702],[-5.6128,42.5658],[-5.5989,42.5698],[-5.5831,42.5469],[-5.5624,42.5562],[-5.5342,42.5639],[-5.5383,42.5732],[-5.5343,42.5978],[-5.5934,42.6403],[-5.6037,42.6314],[-5.5862,42.5943],[-5.6311,42.5844]]]},"properties":{"GID_4":"ESP.5.3.2.8_1","GID_0":"ESP","COUNTRY":"Spain","GID_1":"ESP.5_1","NAME_1":"CastillayLeón","GID_2":"ESP.5.3_1","NAME_2":"León","GID_3":"ESP.5.3.2_1","NAME_3":"n.a.(149)","NAME_4":"LEON","VARNAME_4":"NA","TYPE_4":"Municipality","ENGTYPE_4":"Municipality","CC_4":"NA"}},{"type":"Feature","geometry":{"type":"Polygon","coordinates":[[[-4.6532,41.9494],[-4.6367,41.925],[-4.6374,41.9199],[-4.552,41.9276],[-4.5455,41.9708],[-4.4951,41.9805],[-4.4937,41.9864],[-4.4929,42.0028],[-4.4819,42.0075],[-4.5192,42.0364],[-4.5447,42.0509],[-4.5461,42.0712],[-4.5588,42.0415],[-4.593,42.0212],[-4.5894,41.9996],[-4.6212,41.9562],[-4.6532,41.9494]]]},"properties":{"GID_4":"ESP.5.4.2.50_1","GID_0":"ESP","COUNTRY":"Spain","GID_1":"ESP.5_1","NAME_1":"CastillayLeón","GID_2":"ESP.5.4_1","NAME_2":"Palencia","GID_3":"ESP.5.4.2_1","NAME_3":"n.a.(201)","NAME_4":"PALENCIA","VARNAME_4":"NA","TYPE_4":"Municipality","ENGTYPE_4":"Municipality","CC_4":"NA"}},{"type":"Feature","geometry":{"type":"Polygon","coordinates":[[[-5.6818,40.9148],[-5.6823,40.9168],[-5.664,40.935],[-5.6548,40.9506],[-5.6556,40.9548],[-5.6225,40.969],[-5.6326,40.9848],[-5.6784,40.9877],[-5.718,40.9697],[-5.7328,40.9493],[-5.7283,40.9305],[-5.6824,40.9484],[-5.6818,40.9148]]]},"properties":{"GID_4":"ESP.5.5.2.48_1","GID_0":"ESP","COUNTRY":"Spain","GID_1":"ESP.5_1","NAME_1":"CastillayLeón","GID_2":"ESP.5.5_1","NAME_2":"Salamanca","GID_3":"ESP.5.5.2_1","NAME_3":"n.a.(213)","NAME_4":"SALAMANCA","VARNAME_4":"NA","TYPE_4":"Municipality","ENGTYPE_4":"Municipality","CC_4":"NA"}},{"type":"Feature","geometry":{"type":"Polygon","coordinates":[[[-4.2729,40.8874],[-4.3323,40.8459],[-4.3321,40.8424],[-4.3357,40.8422],[-4.3326,40.8364],[-4.3242,40.8386],[-4.3235,40.8351],[-4.3041,40.8347],[-4.2933,40.8389],[-4.2476,40.8424],[-4.2358,40.8583],[-4.2219,40.8626],[-4.2083,40.8534],[-4.1928,40.8521],[-4.1713,40.8804],[-4.167,40.8797],[-4.1295,40.8863],[-4.1312,40.8773],[-4.093,40.8418],[-4.0526,40.9021],[-4.073,40.9337],[-4.0884,40.9407],[-4.0973,40.9568],[-4.1019,40.9603],[-4.1142,40.9781],[-4.1294,40.9859],[-4.1295,40.9891],[-4.1798,40.9709],[-4.1849,40.9645],[-4.181,40.9455],[-4.2244,40.9046],[-4.2223,40.9025],[-4.2729,40.8874]]]},"properties":{"GID_4":"ESP.5.6.3.49_1","GID_0":"ESP","COUNTRY":"Spain","GID_1":"ESP.5_1","NAME_1":"CastillayLeón","GID_2":"ESP.5.6_1","NAME_2":"Segovia","GID_3":"ESP.5.6.3_1","NAME_3":"n.a.(225)","NAME_4":"SEGOVIA","VARNAME_4":"NA","TYPE_4":"Municipality","ENGTYPE_4":"Municipality","CC_4":"NA"}},{"type":"Feature","geometry":{"type":"Polygon","coordinates":[[[-1.9267,41.717],[-1.9489,41.7327],[-1.9612,41.7213],[-1.9332,41.6763],[-1.9267,41.717]]]},"properties":{"GID_4":"ESP.5.7.2.50_1","GID_0":"ESP","COUNTRY":"Spain","GID_1":"ESP.5_1","NAME_1":"CastillayLeón","GID_2":"ESP.5.7_1","NAME_2":"Soria","GID_3":"ESP.5.7.2_1","NAME_3":"n.a.(234)","NAME_4":"SORIA","VARNAME_4":"NA","TYPE_4":"Municipality","ENGTYPE_4":"Municipality","CC_4":"NA"}},{"type":"Feature","geometry":{"type":"Polygon","coordinates":[[[-2.6969,41.8791],[-2.7267,41.8563],[-2.71,41.8587],[-2.6429,41.8545],[-2.5916,41.815],[-2.5976,41.7936],[-2.5432,41.791],[-2.4992,41.7449],[-2.512,41.7215],[-2.4816,41.7386],[-2.4383,41.6904],[-2.4112,41.7051],[-2.4244,41.7272],[-2.3982,41.7694],[-2.435,41.7913],[-2.4894,41.8087],[-2.5051,41.8304],[-2.5638,41.8404],[-2.586,41.8442],[-2.6918,41.8759],[-2.6969,41.8791]]]},"properties":{"GID_4":"ESP.5.7.3.15_1","GID_0":"ESP","COUNTRY":"Spain","GID_1":"ESP.5_1","NAME_1":"CastillayLeón","GID_2":"ESP.5.7_1","NAME_2":"Soria","GID_3":"ESP.5.7.3_1","NAME_3":"n.a.(235)","NAME_4":"SORIA","VARNAME_4":"NA","TYPE_4":"Municipality","ENGTYPE_4":"Municipality","CC_4":"NA"}},{"type":"Feature","geometry":{"type":"Polygon","coordinates":[[[-2.5522,41.5749],[-2.5712,41.5699],[-2.6066,41.5515],[-2.5972,41.4736],[-2.5945,41.4424],[-2.6007,41.433],[-2.6435,41.4144],[-2.6461,41.3933],[-2.5643,41.376],[-2.546,41.3788],[-2.5316,41.4006],[-2.5464,41.4578],[-2.5293,41.4665],[-2.5047,41.4669],[-2.4952,41.4771],[-2.4856,41.4796],[-2.5099,41.5214],[-2.467,41.5685],[-2.473,41.5788],[-2.4809,41.5733],[-2.5522,41.5749]]]},"properties":{"GID_4":"ESP.5.7.4.3_1","GID_0":"ESP","COUNTRY":"Spain","GID_1":"ESP.5_1","NAME_1":"CastillayLeón","GID_2":"ESP.5.7_1","NAME_2":"Soria","GID_3":"ESP.5.7.4_1","NAME_3":"n.a.(236)","NAME_4":"ALMAZAN","VARNAME_4":"NA","TYPE_4":"Municipality","ENGTYPE_4":"Municipality","CC_4":"NA"}},{"type":"Feature","geometry":{"type":"Polygon","coordinates":[[[-3.0167,41.8869],[-2.9665,41.8347],[-2.9631,41.8282],[-2.964,41.8263],[-2.8868,41.8169],[-2.8794,41.8494],[-2.8106,41.8426],[-2.8131,41.8239],[-2.7592,41.8199],[-2.7536,41.8186],[-2.7405,41.8503],[-2.775,41.8505],[-2.7796,41.8803],[-2.7853,41.8743],[-2.8664,41.8684],[-2.8851,41.8971],[-2.9369,41.9078],[-2.9446,41.9141],[-2.9707,41.9293],[-2.9984,41.9326],[-3.0167,41.8869]]]},"properties":{"GID_4":"ESP.5.7.7.16_1","GID_0":"ESP","COUNTRY":"Spain","GID_1":"ESP.5_1","NAME_1":"CastillayLeón","GID_2":"ESP.5.7_1","NAME_2":"Soria","GID_3":"ESP.5.7.7_1","NAME_3":"n.a.(239)","NAME_4":"SORIA","VARNAME_4":"NA","TYPE_4":"Municipality","ENGTYPE_4":"Municipality","CC_4":"NA"}},{"type":"Feature","geometry":{"type":"Polygon","coordinates":[[[-4.6841,41.5578],[-4.6697,41.5588],[-4.6801,41.5951],[-4.7083,41.5911],[-4.7499,41.5885],[-4.7701,41.55],[-4.7618,41.5478],[-4.6841,41.5578]]]},"properties":{"GID_4":"ESP.5.8.2.30_1","GID_0":"ESP","COUNTRY":"Spain","GID_1":"ESP.5_1","NAME_1":"CastillayLeón","GID_2":"ESP.5.8_1","NAME_2":"Valladolid","GID_3":"ESP.5.8.2_1","NAME_3":"n.a.(264)","NAME_4":"LAGUNA DE DUERO","VARNAME_4":"NA","TYPE_4":"Municipality","ENGTYPE_4":"Municipality","CC_4":"NA"}},{"type":"Feature","geometry":{"type":"MultiPolygon","coordinates":[[[[-4.7795,41.6112],[-4.7977,41.6058],[-4.7929,41.5639],[-4.8617,41.5546],[-4.8326,41.5286],[-4.8132,41.5246],[-4.7694,41.5474],[-4.7673,41.5493],[-4.7701,41.55],[-4.7499,41.5885],[-4.7083,41.5911],[-4.695,41.5935],[-4.6939,41.6142],[-4.6436,41.627],[-4.6603,41.6642],[-4.6308,41.6881],[-4.6321,41.6919],[-4.6345,41.6929],[-4.6787,41.6826],[-4.6889,41.7156],[-4.6949,41.7162],[-4.722,41.6923],[-4.7861,41.6929],[-4.7919,41.6956],[-4.7914,41.6737],[-4.7931,41.672],[-4.776,41.6365],[-4.7795,41.6112]]],[[[-4.8878,41.6191],[-4.9109,41.6402],[-4.9162,41.629],[-4.9131,41.6193],[-4.9007,41.6141],[-4.8878,41.6191]]],[[[-4.9167,41.804],[-4.9281,41.8004],[-4.9125,41.7791],[-4.8964,41.7719],[-4.9196,41.7321],[-4.919,41.7173],[-4.871,41.7314],[-4.8339,41.733],[-4.8125,41.7375],[-4.8398,41.78],[-4.8478,41.7792],[-4.8541,41.8027],[-4.9101,41.8007],[-4.9167,41.804]]]]},"properties":{"GID_4":"ESP.5.8.2.56_1","GID_0":"ESP","COUNTRY":"Spain","GID_1":"ESP.5_1","NAME_1":"CastillayLeón","GID_2":"ESP.5.8_1","NAME_2":"Valladolid","GID_3":"ESP.5.8.2_1","NAME_3":"n.a.(264)","NAME_4":"VALLADOLID","VARNAME_4":"NA","TYPE_4":"Municipality","ENGTYPE_4":"Municipality","CC_4":"NA"}},{"type":"Feature","geometry":{"type":"Polygon","coordinates":[[[-4.8144,41.2491],[-4.844,41.2949],[-4.8495,41.2949],[-4.8642,41.344],[-4.8675,41.3426],[-4.8557,41.3998],[-4.8585,41.4389],[-4.8799,41.3976],[-4.9275,41.3824],[-4.9384,41.3737],[-4.9801,41.3678],[-4.9685,41.3369],[-4.9886,41.2883],[-4.9326,41.2695],[-4.9041,41.2649],[-4.8451,41.2294],[-4.8245,41.2335],[-4.8144,41.2491]]]},"properties":{"GID_4":"ESP.5.8.4.15_1","GID_0":"ESP","COUNTRY":"Spain","GID_1":"ESP.5_1","NAME_1":"CastillayLeón","GID_2":"ESP.5.8_1","NAME_2":"Valladolid","GID_3":"ESP.5.8.4_1","NAME_3":"n.a.(266)","NAME_4":"MEDINA DEL CAMPO","VARNAME_4":"NA","TYPE_4":"Municipality","ENGTYPE_4":"Municipality","CC_4":"NA"}},{"type":"Feature","geometry":{"type":"Polygon","coordinates":[[[-5.8641,41.5195],[-5.8542,41.4669],[-5.8378,41.4696],[-5.8112,41.4609],[-5.7782,41.4633],[-5.7638,41.4585],[-5.7173,41.4751],[-5.7168,41.4717],[-5.7125,41.4745],[-5.7051,41.4918],[-5.6491,41.5067],[-5.6635,41.5528],[-5.7269,41.5402],[-5.7294,41.5321],[-5.759,41.5296],[-5.8077,41.5398],[-5.8554,41.5413],[-5.8704,41.5632],[-5.8807,41.5647],[-5.8893,41.5713],[-5.9693,41.5705],[-5.9774,41.5535],[-5.9203,41.5285],[-5.9149,41.5306],[-5.8641,41.5195]]]},"properties":{"GID_4":"ESP.5.9.4.66_1","GID_0":"ESP","COUNTRY":"Spain","GID_1":"ESP.5_1","NAME_1":"CastillayLeón","GID_2":"ESP.5.9_1","NAME_2":"Zamora","GID_3":"ESP.5.9.4_1","NAME_3":"n.a.(271)","NAME_4":"ZAMORA","VARNAME_4":"NA","TYPE_4":"Municipality","ENGTYPE_4":"Municipality","CC_4":"NA"}},{"type":"Feature","geometry":{"type":"Polygon","coordinates":[[[2.2387,41.4243],[2.2701,41.461],[2.2475,41.4855],[2.2457,41.4904],[2.2249,41.4923],[2.2157,41.4871],[2.2137,41.4718],[2.2113,41.4712],[2.2127,41.4392],[2.2177,41.4326],[2.2316,41.431],[2.2387,41.4243]]]},"properties":{"GID_4":"ESP.6.1.3.5_1","GID_0":"ESP","COUNTRY":"Spain","GID_1":"ESP.6_1","NAME_1":"Cataluña","GID_2":"ESP.6.1_1","NAME_2":"Barcelona","GID_3":"ESP.6.1.3_1","NAME_3":"n.a.(29)","NAME_4":"BADALONA","VARNAME_4":"NA","TYPE_4":"Municipality","ENGTYPE_4":"Municipality","CC_4":"NA"}},{"type":"Feature","geometry":{"type":"Polygon","coordinates":[[[2.6704,41.6151],[2.6282,41.6382],[2.6283,41.6294],[2.6394,41.6049],[2.6704,41.6151]]]},"properties":{"GID_4":"ESP.6.1.3.9_1","GID_0":"ESP","COUNTRY":"Spain","GID_1":"ESP.6_1","NAME_1":"Cataluña","GID_2":"ESP.6.1_1","NAME_2":"Barcelona","GID_3":"ESP.6.1.3_1","NAME_3":"n.a.(29)","NAME_4":"CALELLA","VARNAME_4":"NA","TYPE_4":"Municipality","ENGTYPE_4":"Municipality","CC_4":"NA"}},{"type":"Feature","geometry":{"type":"Polygon","coordinates":[[[2.4213,41.5324],[2.4875,41.551],[2.4564,41.58],[2.4163,41.5769],[2.4213,41.5324]]]},"properties":{"GID_4":"ESP.6.1.3.14_1","GID_0":"ESP","COUNTRY":"Spain","GID_1":"ESP.6_1","NAME_1":"Cataluña","GID_2":"ESP.6.1_1","NAME_2":"Barcelona","GID_3":"ESP.6.1.3_1","NAME_3":"n.a.(29)","NAME_4":"MATARO","VARNAME_4":"NA","TYPE_4":"Municipality","ENGTYPE_4":"Municipality","CC_4":"NA"}},{"type":"Feature","geometry":{"type":"Polygon","coordinates":[[[2.2113,41.4712],[2.2057,41.4705],[2.187,41.4675],[2.2106,41.4337],[2.2151,41.4351],[2.2127,41.4392],[2.2113,41.4712]]]},"properties":{"GID_4":"ESP.6.1.3.27_1","GID_0":"ESP","COUNTRY":"Spain","GID_1":"ESP.6_1","NAME_1":"Cataluña","GID_2":"ESP.6.1_1","NAME_2":"Barcelona","GID_3":"ESP.6.1.3_1","NAME_3":"n.a.(29)","NAME_4":"SANTA COLOMA DE GRAMENET","VARNAME_4":"NA","TYPE_4":"Municipality","ENGTYPE_4":"Municipality","CC_4":"NA"}},{"type":"Feature","geometry":{"type":"Polygon","coordinates":[[[2.7579,41.6792],[2.7772,41.7311],[2.7769,41.7355],[2.7248,41.7443],[2.6294,41.6882],[2.6137,41.6923],[2.6,41.6835],[2.5937,41.659],[2.6154,41.6474],[2.634,41.6486],[2.6375,41.6427],[2.6772,41.6429],[2.6819,41.6495],[2.6724,41.6555],[2.694,41.6709],[2.7271,41.6929],[2.7579,41.6792]]]},"properties":{"GID_4":"ESP.6.1.3.31_1","GID_0":"ESP","COUNTRY":"Spain","GID_1":"ESP.6_1","NAME_1":"Cataluña","GID_2":"ESP.6.1_1","NAME_2":"Barcelona","GID_3":"ESP.6.1.3_1","NAME_3":"n.a.(29)","NAME_4":"TORDERA","VARNAME_4":"NA","TYPE_4":"Municipality","ENGTYPE_4":"Municipality","CC_4":"NA"}},{"type":"Feature","geometry":{"type":"Polygon","coordinates":[[[2.3517,41.5411],[2.3432,41.5462],[2.3281,41.5411],[2.3163,41.5333],[2.3294,41.5244],[2.3337,41.5249],[2.349,41.5137],[2.3656,41.5019],[2.3722,41.5085],[2.38,41.5125],[2.3517,41.5411]]]},"properties":{"GID_4":"ESP.6.1.3.32_1","GID_0":"ESP","COUNTRY":"Spain","GID_1":"ESP.6_1","NAME_1":"Cataluña","GID_2":"ESP.6.1_1","NAME_2":"Barcelona","GID_3":"ESP.6.1.3_1","NAME_3":"n.a.(29)","NAME_4":"VILASSAR DE DALT","VARNAME_4":"SanGinésdeVilasar","TYPE_4":"Municipality","ENGTYPE_4":"Municipality","CC_4":"NA"}},{"type":"Feature","geometry":{"type":"Polygon","coordinates":[[[1.5775,41.5842],[1.6336,41.5727],[1.6381,41.5859],[1.6365,41.5979],[1.6262,41.6003],[1.5893,41.5939],[1.5775,41.5842]]]},"properties":{"GID_4":"ESP.6.1.4.15_1","GID_0":"ESP","COUNTRY":"Spain","GID_1":"ESP.6_1","NAME_1":"Cataluña","GID_2":"ESP.6.1_1","NAME_2":"Barcelona","GID_3":"ESP.6.1.4_1","NAME_3":"n.a.(30)","NAME_4":"IGUALADA","VARNAME_4":"NA","TYPE_4":"Municipality","ENGTYPE_4":"Municipality","CC_4":"NA"}},{"type":"Feature","geometry":{"type":"Polygon","coordinates":[[[2.2659,41.6149],[2.2619,41.5964],[2.2565,41.5738],[2.2694,41.5643],[2.2828,41.5738],[2.2888,41.5722],[2.2987,41.6068],[2.3031,41.6075],[2.2868,41.6218],[2.2659,41.6149]]]},"properties":{"GID_4":"ESP.6.1.5.8_1","GID_0":"ESP","COUNTRY":"Spain","GID_1":"ESP.6_1","NAME_1":"Cataluña","GID_2":"ESP.6.1_1","NAME_2":"Barcelona","GID_3":"ESP.6.1.5_1","NAME_3":"n.a.(31)","NAME_4":"GRANOLLERS","VARNAME_4":"Granollérs","TYPE_4":"Municipality","ENGTYPE_4":"Municipality","CC_4":"NA"}},{"type":"Feature","geometry":{"type":"Polygon","coordinates":[[[2.2868,41.6218],[2.3031,41.6075],[2.3265,41.6325],[2.334,41.6383],[2.349,41.6741],[2.3033,41.672],[2.277,41.6576],[2.2775,41.6355],[2.2884,41.6326],[2.2868,41.6218]]]},"properties":{"GID_4":"ESP.6.1.5.13_1","GID_0":"ESP","COUNTRY":"Spain","GID_1":"ESP.6_1","NAME_1":"Cataluña","GID_2":"ESP.6.1_1","NAME_2":"Barcelona","GID_3":"ESP.6.1.5_1","NAME_3":"n.a.(31)","NAME_4":"FRANQUESES DEL VALLES (LES)","VARNAME_4":"NA","TYPE_4":"Municipality","ENGTYPE_4":"Municipality","CC_4":"NA"}},{"type":"Feature","geometry":{"type":"Polygon","coordinates":[[[2.2028,41.5757],[2.1966,41.575],[2.1875,41.5661],[2.1939,41.5469],[2.2079,41.5294],[2.2064,41.5282],[2.2155,41.5239],[2.2206,41.5312],[2.2309,41.5409],[2.2331,41.5547],[2.2042,41.5687],[2.2028,41.5757]]]},"properties":{"GID_4":"ESP.6.1.5.18_1","GID_0":"ESP","COUNTRY":"Spain","GID_1":"ESP.6_1","NAME_1":"Cataluña","GID_2":"ESP.6.1_1","NAME_2":"Barcelona","GID_3":"ESP.6.1.5_1","NAME_3":"n.a.(31)","NAME_4":"MOLLET DEL VALLES","VARNAME_4":"Mollet","TYPE_4":"Municipality","ENGTYPE_4":"Municipality","CC_4":"NA"}},{"type":"Feature","geometry":{"type":"Polygon","coordinates":[[[2.2833,41.9374],[2.2866,41.9472],[2.2829,41.9588],[2.2242,41.9301],[2.1684,41.9334],[2.1692,41.9312],[2.1687,41.9276],[2.2019,41.8935],[2.1956,41.896],[2.2019,41.8864],[2.2068,41.8871],[2.2072,41.8896],[2.2147,41.893],[2.2425,41.9107],[2.2661,41.9035],[2.2705,41.9183],[2.2813,41.9257],[2.2833,41.9374]]]},"properties":{"GID_4":"ESP.6.1.7.51_1","GID_0":"ESP","COUNTRY":"Spain","GID_1":"ESP.6_1","NAME_1":"Cataluña","GID_2":"ESP.6.1_1","NAME_2":"Barcelona","GID_3":"ESP.6.1.7_1","NAME_3":"n.a.(33)","NAME_4":"VIC","VARNAME_4":"Vich","TYPE_4":"Municipality","ENGTYPE_4":"Municipality","CC_4":"NA"}},{"type":"Feature","geometry":{"type":"Polygon","coordinates":[[[1.8686,41.6881],[1.8729,41.6903],[1.8675,41.7186],[1.8698,41.7238],[1.8295,41.7582],[1.7792,41.7413],[1.7689,41.7436],[1.7771,41.7114],[1.7855,41.7135],[1.8073,41.6896],[1.8106,41.6945],[1.8686,41.6881]]]},"properties":{"GID_4":"ESP.6.1.9.14_1","GID_0":"ESP","COUNTRY":"Spain","GID_1":"ESP.6_1","NAME_1":"Cataluña","GID_2":"ESP.6.1_1","NAME_2":"Barcelona","GID_3":"ESP.6.1.9_1","NAME_3":"n.a.(35)","NAME_4":"MANRESA","VARNAME_4":"NA","TYPE_4":"Municipality","ENGTYPE_4":"Municipality","CC_4":"NA"}},{"type":"Feature","geometry":{"type":"MultiPolygon","coordinates":[[[[2.2157,41.4871],[2.2249,41.4923],[2.204,41.5036],[2.1891,41.5157],[2.1709,41.5151],[2.1627,41.5162],[2.159,41.5074],[2.1732,41.4924],[2.1527,41.4895],[2.1601,41.4846],[2.1584,41.4536],[2.1561,41.4503],[2.187,41.4675],[2.2057,41.4705],[2.2137,41.4718],[2.2157,41.4871]]],[[[2.1875,41.5661],[2.1966,41.575],[2.1866,41.5724],[2.1875,41.5661]]]]},"properties":{"GID_4":"ESP.6.1.10.9_1","GID_0":"ESP","COUNTRY":"Spain","GID_1":"ESP.6_1","NAME_1":"Cataluña","GID_2":"ESP.6.1_1","NAME_2":"Barcelona","GID_3":"ESP.6.1.10_1","NAME_3":"n.a.(36)","NAME_4":"MONTCADA I REIXAC","VARNAME_4":"MoncadayReixach","TYPE_4":"Municipality","ENGTYPE_4":"Municipality","CC_4":"NA"}},{"type":"Feature","geometry":{"type":"Polygon","coordinates":[[[2.188,41.6062],[2.1643,41.6013],[2.1642,41.5997],[2.1492,41.5771],[2.1572,41.5653],[2.1709,41.555],[2.1898,41.557],[2.1866,41.5724],[2.2028,41.5757],[2.1955,41.5908],[2.1889,41.5983],[2.188,41.6062]]]},"properties":{"GID_4":"ESP.6.1.10.10_1","GID_0":"ESP","COUNTRY":"Spain","GID_1":"ESP.6_1","NAME_1":"Cataluña","GID_2":"ESP.6.1_1","NAME_2":"Barcelona","GID_3":"ESP.6.1.10_1","NAME_3":"n.a.(36)","NAME_4":"PALAU-SOLITA I PLEGAMANS","VARNAME_4":"PalaudePlegamáns","TYPE_4":"Municipality","ENGTYPE_4":"Municipality","CC_4":"NA"}},{"type":"Feature","geometry":{"type":"Polygon","coordinates":[[[2.1126,41.5179],[2.1097,41.5212],[2.1385,41.5317],[2.1459,41.541],[2.1502,41.541],[2.1286,41.5663],[2.126,41.5764],[2.1176,41.5787],[2.1175,41.5902],[2.0831,41.583],[2.0692,41.5853],[2.0652,41.5879],[2.0507,41.5896],[2.066,41.5425],[2.0884,41.5111],[2.1048,41.5067],[2.1129,41.514],[2.1126,41.5179]]]},"properties":{"GID_4":"ESP.6.1.10.14_1","GID_0":"ESP","COUNTRY":"Spain","GID_1":"ESP.6_1","NAME_1":"Cataluña","GID_2":"ESP.6.1_1","NAME_2":"Barcelona","GID_3":"ESP.6.1.10_1","NAME_3":"n.a.(36)","NAME_4":"SABADELL","VARNAME_4":"NA","TYPE_4":"Municipality","ENGTYPE_4":"Municipality","CC_4":"NA"}},{"type":"Feature","geometry":{"type":"Polygon","coordinates":[[[2.1299,41.4431],[2.0751,41.5068],[2.0724,41.5069],[2.0581,41.5186],[2.0512,41.5123],[2.0337,41.4703],[2.0141,41.4632],[1.9997,41.4601],[2.0328,41.4417],[2.0595,41.4354],[2.0631,41.4335],[2.0709,41.4186],[2.0785,41.4151],[2.0788,41.419],[2.1299,41.4431]]]},"properties":{"GID_4":"ESP.6.1.10.15_1","GID_0":"ESP","COUNTRY":"Spain","GID_1":"ESP.6_1","NAME_1":"Cataluña","GID_2":"ESP.6.1_1","NAME_2":"Barcelona","GID_3":"ESP.6.1.10_1","NAME_3":"n.a.(36)","NAME_4":"SANT CUGAT DEL VALLES","VARNAME_4":"SanCugatdelVallés","TYPE_4":"Municipality","ENGTYPE_4":"Municipality","CC_4":"NA"}},{"type":"Feature","geometry":{"type":"Polygon","coordinates":[[[1.9716,41.6488],[1.9436,41.6004],[1.9608,41.5792],[1.9878,41.5609],[1.9582,41.54],[1.9588,41.539],[1.9747,41.5345],[1.9857,41.5353],[2.0344,41.5168],[2.0369,41.521],[2.066,41.5425],[2.0507,41.5896],[2.0621,41.5877],[2.0441,41.6039],[1.9982,41.6095],[1.9793,41.6234],[1.9825,41.6483],[1.9716,41.6488]]]},"properties":{"GID_4":"ESP.6.1.10.20_1","GID_0":"ESP","COUNTRY":"Spain","GID_1":"ESP.6_1","NAME_1":"Cataluña","GID_2":"ESP.6.1_1","NAME_2":"Barcelona","GID_3":"ESP.6.1.10_1","NAME_3":"n.a.(36)","NAME_4":"TERRASSA","VARNAME_4":"Tarrasa","TYPE_4":"Municipality","ENGTYPE_4":"Municipality","CC_4":"NA"}},{"type":"Feature","geometry":{"type":"MultiPolygon","coordinates":[[[[2.2059,41.433],[2.2106,41.4337],[2.187,41.4675],[2.1561,41.4503],[2.1524,41.4472],[2.1299,41.4431],[2.0788,41.419],[2.0782,41.4124],[2.0779,41.4031],[2.0978,41.3938],[2.1021,41.3876],[2.1389,41.3468],[2.1024,41.3352],[2.1125,41.3257],[2.1424,41.3205],[2.2208,41.4126],[2.2059,41.433]]],[[[2.0754,41.4162],[2.0733,41.4176],[2.0705,41.412],[2.0754,41.4162]]],[[[2.0631,41.4335],[2.0574,41.4348],[2.0548,41.4141],[2.0566,41.4106],[2.0641,41.4181],[2.0709,41.4186],[2.0631,41.4335]]]]},"properties":{"GID_4":"ESP.6.1.11.2_1","GID_0":"ESP","COUNTRY":"Spain","GID_1":"ESP.6_1","NAME_1":"Cataluña","GID_2":"ESP.6.1_1","NAME_2":"Barcelona","GID_3":"ESP.6.1.11_1","NAME_3":"n.a.(37)","NAME_4":"BARCELONA","VARNAME_4":"NA","TYPE_4":"Municipality","ENGTYPE_4":"Municipality","CC_4":"NA"}},{"type":"Feature","geometry":{"type":"Polygon","coordinates":[[[2.0506,41.3474],[2.0576,41.3496],[2.0714,41.3447],[2.0772,41.3484],[2.092,41.3408],[2.0864,41.3665],[2.0836,41.3659],[2.079,41.3698],[2.0506,41.3474]]]},"properties":{"GID_4":"ESP.6.1.11.9_1","GID_0":"ESP","COUNTRY":"Spain","GID_1":"ESP.6_1","NAME_1":"Cataluña","GID_2":"ESP.6.1_1","NAME_2":"Barcelona","GID_3":"ESP.6.1.11_1","NAME_3":"n.a.(37)","NAME_4":"CORNELLA DE LLOBREGAT","VARNAME_4":"Cornellá","TYPE_4":"Municipality","ENGTYPE_4":"Municipality","CC_4":"NA"}},{"type":"Feature","geometry":{"type":"Polygon","coordinates":[[[1.9149,41.2889],[1.9427,41.2803],[1.978,41.2966],[2.0026,41.2651],[2.0227,41.2929],[2.0022,41.3117],[1.9841,41.3152],[1.9551,41.3234],[1.9149,41.2889]]]},"properties":{"GID_4":"ESP.6.1.11.14_1","GID_0":"ESP","COUNTRY":"Spain","GID_1":"ESP.6_1","NAME_1":"Cataluña","GID_2":"ESP.6.1_1","NAME_2":"Barcelona","GID_3":"ESP.6.1.11_1","NAME_3":"n.a.(37)","NAME_4":"GAVA","VARNAME_4":"Gavá","TYPE_4":"Municipality","ENGTYPE_4":"Municipality","CC_4":"NA"}},{"type":"Feature","geometry":{"type":"Polygon","coordinates":[[[2.1021,41.3876],[2.0864,41.3665],[2.092,41.3408],[2.1024,41.3352],[2.1389,41.3468],[2.1021,41.3876]]]},"properties":{"GID_4":"ESP.6.1.11.15_1","GID_0":"ESP","COUNTRY":"Spain","GID_1":"ESP.6_1","NAME_1":"Cataluña","GID_2":"ESP.6.1_1","NAME_2":"Barcelona","GID_3":"ESP.6.1.11_1","NAME_3":"n.a.(37)","NAME_4":"HOSPITALET DE LLOBREGAT (L')","VARNAME_4":"NA","TYPE_4":"Municipality","ENGTYPE_4":"Municipality","CC_4":"NA"}},{"type":"Feature","geometry":{"type":"Polygon","coordinates":[[[2.0506,41.3474],[2.0483,41.3617],[2.0123,41.3568],[1.9994,41.3525],[2.0111,41.3378],[2.0702,41.2853],[2.0574,41.3025],[2.0694,41.3451],[2.0576,41.3496],[2.0506,41.3474]]]},"properties":{"GID_4":"ESP.6.1.11.22_1","GID_0":"ESP","COUNTRY":"Spain","GID_1":"ESP.6_1","NAME_1":"Cataluña","GID_2":"ESP.6.1_1","NAME_2":"Barcelona","GID_3":"ESP.6.1.11_1","NAME_3":"n.a.(37)","NAME_4":"SANT BOI DE LLOBREGAT","VARNAME_4":"SanBaudiliodelLlobregat","TYPE_4":"Municipality","ENGTYPE_4":"Municipality","CC_4":"NA"}},{"type":"Feature","geometry":{"type":"Polygon","coordinates":[[[2.0754,41.4162],[2.0705,41.412],[2.0733,41.4176],[2.0641,41.4181],[2.0566,41.4106],[2.053,41.415],[2.0218,41.3895],[2.0268,41.3833],[2.0358,41.3706],[2.0521,41.3795],[2.0779,41.4031],[2.0782,41.4124],[2.0785,41.4151],[2.0754,41.4162]]]},"properties":{"GID_4":"ESP.6.1.11.24_1","GID_0":"ESP","COUNTRY":"Spain","GID_1":"ESP.6_1","NAME_1":"Cataluña","GID_2":"ESP.6.1_1","NAME_2":"Barcelona","GID_3":"ESP.6.1.11_1","NAME_3":"n.a.(37)","NAME_4":"SANT FELIU DE LLOBREGAT","VARNAME_4":"SanFelíudeLlobregat","TYPE_4":"Municipality","ENGTYPE_4":"Municipality","CC_4":"NA"}},{"type":"Feature","geometry":{"type":"Polygon","coordinates":[[[2.079,41.3698],[2.065,41.3796],[2.0521,41.3795],[2.0358,41.3706],[2.0483,41.3617],[2.0506,41.3474],[2.079,41.3698]]]},"properties":{"GID_4":"ESP.6.1.11.25_1","GID_0":"ESP","COUNTRY":"Spain","GID_1":"ESP.6_1","NAME_1":"Cataluña","GID_2":"ESP.6.1_1","NAME_2":"Barcelona","GID_3":"ESP.6.1.11_1","NAME_3":"n.a.(37)","NAME_4":"SANT JOAN DESPI","VARNAME_4":"SanJuanDespí","TYPE_4":"Municipality","ENGTYPE_4":"Municipality","CC_4":"NA"}},{"type":"Feature","geometry":{"type":"Polygon","coordinates":[[[2.0483,41.3617],[2.0358,41.3706],[2.0268,41.3833],[1.9999,41.3717],[2.0031,41.3695],[1.9981,41.3565],[2.0123,41.3568],[2.0483,41.3617]]]},"properties":{"GID_4":"ESP.6.1.11.28_1","GID_0":"ESP","COUNTRY":"Spain","GID_1":"ESP.6_1","NAME_1":"Cataluña","GID_2":"ESP.6.1_1","NAME_2":"Barcelona","GID_3":"ESP.6.1.11_1","NAME_3":"n.a.(37)","NAME_4":"SANTA COLOMA DE CERVELLO","VARNAME_4":"NA","TYPE_4":"Municipality","ENGTYPE_4":"Municipality","CC_4":"NA"}},{"type":"Feature","geometry":{"type":"Polygon","coordinates":[[[1.696,41.3698],[1.6776,41.3562],[1.6657,41.346],[1.6828,41.3235],[1.6834,41.3309],[1.7061,41.3251],[1.7323,41.3603],[1.7336,41.364],[1.696,41.3698]]]},"properties":{"GID_4":"ESP.6.1.12.32_1","GID_0":"ESP","COUNTRY":"Spain","GID_1":"ESP.6_1","NAME_1":"Cataluña","GID_2":"ESP.6.1_1","NAME_2":"Barcelona","GID_3":"ESP.6.1.12_1","NAME_3":"n.a.(38)","NAME_4":"VILAFRANCA DEL PENEDES","VARNAME_4":"VillafrancadelPanadés","TYPE_4":"Municipality","ENGTYPE_4":"Municipality","CC_4":"NA"}},{"type":"Feature","geometry":{"type":"Polygon","coordinates":[[[1.6908,41.2718],[1.6687,41.2453],[1.6832,41.2024],[1.7413,41.2277],[1.724,41.2663],[1.6908,41.2718]]]},"properties":{"GID_4":"ESP.6.1.12.33_1","GID_0":"ESP","COUNTRY":"Spain","GID_1":"ESP.6_1","NAME_1":"Cataluña","GID_2":"ESP.6.1_1","NAME_2":"Barcelona","GID_3":"ESP.6.1.12_1","NAME_3":"n.a.(38)","NAME_4":"VILANOVA I LA GELTRU","VARNAME_4":"VillanuevayGeltrú","TYPE_4":"Municipality","ENGTYPE_4":"Municipality","CC_4":"NA"}},{"type":"Feature","geometry":{"type":"Polygon","coordinates":[[[2.4583,42.1611],[2.496,42.1499],[2.4986,42.1546],[2.5491,42.172],[2.503,42.1959],[2.4977,42.2027],[2.4925,42.2061],[2.4464,42.198],[2.4455,42.1886],[2.4583,42.1611]]]},"properties":{"GID_4":"ESP.6.2.3.12_1","GID_0":"ESP","COUNTRY":"Spain","GID_1":"ESP.6_1","NAME_1":"Cataluña","GID_2":"ESP.6.2_1","NAME_2":"Girona","GID_3":"ESP.6.2.3_1","NAME_3":"n.a.(103)","NAME_4":"OLOT","VARNAME_4":"NA","TYPE_4":"Municipality","ENGTYPE_4":"Municipality","CC_4":"NA"}},{"type":"Feature","geometry":{"type":"Polygon","coordinates":[[[2.8516,42.0241],[2.8275,42.0205],[2.8052,42.0029],[2.7832,41.9842],[2.7888,41.9852],[2.7976,41.9624],[2.7984,41.9582],[2.8023,41.9498],[2.8153,41.9486],[2.8159,41.9429],[2.8197,41.9383],[2.8357,41.9666],[2.8982,41.9844],[2.8962,41.9876],[2.8473,42.0077],[2.8516,42.0241]]]},"properties":{"GID_4":"ESP.6.2.4.17_1","GID_0":"ESP","COUNTRY":"Spain","GID_1":"ESP.6_1","NAME_1":"Cataluña","GID_2":"ESP.6.2_1","NAME_2":"Girona","GID_3":"ESP.6.2.4_1","NAME_3":"n.a.(104)","NAME_4":"GIRONA","VARNAME_4":"Gerona","TYPE_4":"Municipality","ENGTYPE_4":"Municipality","CC_4":"NA"}},{"type":"Feature","geometry":{"type":"Polygon","coordinates":[[[2.9612,42.2892],[2.9309,42.2752],[2.9685,42.2377],[2.9993,42.2645],[3.0297,42.2743],[3.026,42.2803],[2.9918,42.2829],[2.9912,42.2806],[2.9692,42.2768],[2.9612,42.2892]]]},"properties":{"GID_4":"ESP.6.2.5.20_1","GID_0":"ESP","COUNTRY":"Spain","GID_1":"ESP.6_1","NAME_1":"Cataluña","GID_2":"ESP.6.2_1","NAME_2":"Girona","GID_3":"ESP.6.2.5_1","NAME_3":"n.a.(105)","NAME_4":"FIGUERES","VARNAME_4":"Figueras","TYPE_4":"Municipality","ENGTYPE_4":"Municipality","CC_4":"NA"}},{"type":"Feature","geometry":{"type":"Polygon","coordinates":[[[2.7771,41.6506],[2.8062,41.6909],[2.7772,41.7311],[2.7579,41.6792],[2.7614,41.6693],[2.7771,41.6506]]]},"properties":{"GID_4":"ESP.6.2.6.4_1","GID_0":"ESP","COUNTRY":"Spain","GID_1":"ESP.6_1","NAME_1":"Cataluña","GID_2":"ESP.6.2_1","NAME_2":"Girona","GID_3":"ESP.6.2.6_1","NAME_3":"n.a.(106)","NAME_4":"BLANES","VARNAME_4":"NA","TYPE_4":"Municipality","ENGTYPE_4":"Municipality","CC_4":"NA"}},{"type":"Feature","geometry":{"type":"Polygon","coordinates":[[[3.1545,41.9373],[3.1485,41.9446],[3.1196,41.9368],[3.1261,41.9124],[3.1487,41.9185],[3.1799,41.8743],[3.219,41.9268],[3.1545,41.9373]]]},"properties":{"GID_4":"ESP.6.2.7.20_1","GID_0":"ESP","COUNTRY":"Spain","GID_1":"ESP.6_1","NAME_1":"Cataluña","GID_2":"ESP.6.2_1","NAME_2":"Girona","GID_3":"ESP.6.2.7_1","NAME_3":"n.a.(107)","NAME_4":"PALAFRUGELL","VARNAME_4":"NA","TYPE_4":"Municipality","ENGTYPE_4":"Municipality","CC_4":"NA"}},{"type":"Feature","geometry":{"type":"Polygon","coordinates":[[[3.0966,41.889],[3.1178,41.8485],[3.17,41.8697],[3.1682,41.869],[3.1472,41.8777],[3.0988,41.8895],[3.0966,41.889]]]},"properties":{"GID_4":"ESP.6.2.7.21_1","GID_0":"ESP","COUNTRY":"Spain","GID_1":"ESP.6_1","NAME_1":"Cataluña","GID_2":"ESP.6.2_1","NAME_2":"Girona","GID_3":"ESP.6.2.7_1","NAME_3":"n.a.(107)","NAME_4":"PALAMOS","VARNAME_4":"NA","TYPE_4":"Municipality","ENGTYPE_4":"Municipality","CC_4":"NA"}},{"type":"Feature","geometry":{"type":"Polygon","coordinates":[[[3.1196,41.9368],[3.1485,41.9446],[3.1478,41.956],[3.14,41.9663],[3.1114,41.9593],[3.1196,41.9368]]]},"properties":{"GID_4":"ESP.6.3.8.20_1","GID_0":"ESP","COUNTRY":"Spain","GID_1":"ESP.6_1","NAME_1":"Cataluña","GID_2":"ESP.6.3_1","NAME_2":"Lleida","GID_3":"ESP.6.3.8_1","NAME_3":"n.a.(166)","NAME_4":"MOLLERUSSA","VARNAME_4":"Mollerusa","TYPE_4":"Municipality","ENGTYPE_4":"Municipality","CC_4":"NA"}},{"type":"Feature","geometry":{"type":"Polygon","coordinates":[[[0.3639,41.7114],[0.4446,41.6759],[0.4485,41.6551],[0.5183,41.6484],[0.5647,41.5688],[0.5746,41.5761],[0.5908,41.5745],[0.6316,41.5543],[0.6557,41.5331],[0.6573,41.5231],[0.6636,41.5158],[0.6752,41.5104],[0.6884,41.5245],[0.667,41.5649],[0.7322,41.5707],[0.7409,41.5829],[0.742,41.5852],[0.7293,41.6337],[0.7284,41.6382],[0.6907,41.6344],[0.6683,41.6344],[0.6605,41.6547],[0.6599,41.6593],[0.6411,41.6681],[0.6178,41.6712],[0.6035,41.6631],[0.5838,41.6719],[0.5286,41.677],[0.5026,41.6941],[0.4559,41.7045],[0.3955,41.732],[0.3687,41.7142],[0.3639,41.7114]]]},"properties":{"GID_4":"ESP.6.3.10.17_1","GID_0":"ESP","COUNTRY":"Spain","GID_1":"ESP.6_1","NAME_1":"Cataluña","GID_2":"ESP.6.3_1","NAME_2":"Lleida","GID_3":"ESP.6.3.10_1","NAME_3":"n.a.(168)","NAME_4":"LLEIDA","VARNAME_4":"Lérida","TYPE_4":"Municipality","ENGTYPE_4":"Municipality","CC_4":"NA"}},{"type":"Feature","geometry":{"type":"Polygon","coordinates":[[[1.1064,41.1863],[1.0778,41.1826],[1.072,41.179],[1.0582,41.1765],[1.1009,41.1137],[1.1211,41.1285],[1.1648,41.1088],[1.1891,41.1282],[1.1809,41.1366],[1.1557,41.1799],[1.1208,41.1802],[1.1064,41.1863]]]},"properties":{"GID_4":"ESP.6.4.3.45_1","GID_0":"ESP","COUNTRY":"Spain","GID_1":"ESP.6_1","NAME_1":"Cataluña","GID_2":"ESP.6.4_1","NAME_2":"Tarragona","GID_3":"ESP.6.4.3_1","NAME_3":"n.a.(242)","NAME_4":"REUS","VARNAME_4":"NA","TYPE_4":"Municipality","ENGTYPE_4":"Municipality","CC_4":"NA"}},{"type":"Feature","geometry":{"type":"Polygon","coordinates":[[[1.3625,41.1465],[1.3294,41.1635],[1.3248,41.1581],[1.3187,41.1511],[1.3135,41.152],[1.2812,41.1461],[1.2711,41.1532],[1.2713,41.159],[1.2428,41.1601],[1.2399,41.1524],[1.197,41.1299],[1.1891,41.1282],[1.1648,41.1088],[1.1976,41.093],[1.224,41.091],[1.2965,41.1279],[1.3736,41.1335],[1.3625,41.1465]]]},"properties":{"GID_4":"ESP.6.4.3.52_1","GID_0":"ESP","COUNTRY":"Spain","GID_1":"ESP.6_1","NAME_1":"Cataluña","GID_2":"ESP.6.4_1","NAME_2":"Tarragona","GID_3":"ESP.6.4.3_1","NAME_3":"n.a.(242)","NAME_4":"TARRAGONA","VARNAME_4":"NA","TYPE_4":"Municipality","ENGTYPE_4":"Municipality","CC_4":"NA"}},{"type":"Feature","geometry":{"type":"Polygon","coordinates":[[[1.1007,41.0866],[1.1373,41.0975],[1.1756,41.0665],[1.1976,41.093],[1.1648,41.1088],[1.1211,41.1285],[1.1009,41.1137],[1.0942,41.1083],[1.0942,41.0928],[1.1007,41.0866]]]},"properties":{"GID_4":"ESP.6.4.3.59_1","GID_0":"ESP","COUNTRY":"Spain","GID_1":"ESP.6_1","NAME_1":"Cataluña","GID_2":"ESP.6.4_1","NAME_2":"Tarragona","GID_3":"ESP.6.4.3_1","NAME_3":"n.a.(242)","NAME_4":"VILA-SECA","VARNAME_4":"Vilaseca","TYPE_4":"Municipality","ENGTYPE_4":"Municipality","CC_4":"NA"}},{"type":"Feature","geometry":null,"properties":{"GID_4":"ESP.7.2.1.2_1","GID_0":"ESP","COUNTRY":"Spain","GID_1":"ESP.7_1","NAME_1":"CeutayMelilla","GID_2":"ESP.7.2_1","NAME_2":"Melilla","GID_3":"ESP.7.2.1_1","NAME_3":"n.a.(100)","NAME_4":"MELILLA","VARNAME_4":"NA","TYPE_4":"Municipality","ENGTYPE_4":"Municipality","CC_4":"NA"}},{"type":"Feature","geometry":{"type":"Polygon","coordinates":[[[-3.2985,40.4944],[-3.2896,40.5317],[-3.35,40.5316],[-3.4056,40.5253],[-3.4165,40.5451],[-3.4293,40.5181],[-3.4279,40.4922],[-3.4305,40.4616],[-3.4471,40.4463],[-3.4337,40.454],[-3.4265,40.4531],[-3.4138,40.4562],[-3.4085,40.4534],[-3.3567,40.4487],[-3.329,40.4653],[-3.3094,40.4829],[-3.2985,40.4944]]]},"properties":{"GID_4":"ESP.8.1.2.2_1","GID_0":"ESP","COUNTRY":"Spain","GID_1":"ESP.8_1","NAME_1":"ComunidaddeMadrid","GID_2":"ESP.8.1_1","NAME_2":"Madrid","GID_3":"ESP.8.1.2_1","NAME_3":"n.a.(176)","NAME_4":"ALCALA DE HENARES","VARNAME_4":"NA","TYPE_4":"Municipality","ENGTYPE_4":"Municipality","CC_4":"NA"}},{"type":"Feature","geometry":{"type":"Polygon","coordinates":[[[-3.5935,40.6548],[-3.5894,40.6449],[-3.5894,40.6336],[-3.5807,40.6231],[-3.5758,40.6019],[-3.5399,40.5826],[-3.5401,40.584],[-3.4659,40.5953],[-3.4649,40.5982],[-3.4537,40.6074],[-3.4869,40.6254],[-3.5035,40.6256],[-3.5593,40.6122],[-3.5591,40.6505],[-3.5667,40.6504],[-3.5935,40.6548]]]},"properties":{"GID_4":"ESP.8.1.2.3_1","GID_0":"ESP","COUNTRY":"Spain","GID_1":"ESP.8_1","NAME_1":"ComunidaddeMadrid","GID_2":"ESP.8.1_1","NAME_2":"Madrid","GID_3":"ESP.8.1.2_1","NAME_3":"n.a.(176)","NAME_4":"ALGETE","VARNAME_4":"NA","TYPE_4":"Municipality","ENGTYPE_4":"Municipality","CC_4":"NA"}},{"type":"Feature","geometry":{"type":"Polygon","coordinates":[[[-3.4256,40.3502],[-3.4536,40.3433],[-3.4718,40.3382],[-3.5192,40.2933],[-3.4825,40.257],[-3.4365,40.2581],[-3.4227,40.2548],[-3.3757,40.2626],[-3.3694,40.2649],[-3.39,40.2994],[-3.4149,40.3129],[-3.4256,40.3502]]]},"properties":{"GID_4":"ESP.8.1.2.5_1","GID_0":"ESP","COUNTRY":"Spain","GID_1":"ESP.8_1","NAME_1":"ComunidaddeMadrid","GID_2":"ESP.8.1_1","NAME_2":"Madrid","GID_3":"ESP.8.1.2_1","NAME_3":"n.a.(176)","NAME_4":"ARGANDA DEL REY","VARNAME_4":"NA","TYPE_4":"Municipality","ENGTYPE_4":"Municipality","CC_4":"NA"}},{"type":"Feature","geometry":{"type":"Polygon","coordinates":[[[-3.5542,40.5116],[-3.5526,40.5116],[-3.556,40.5175],[-3.5576,40.5298],[-3.5494,40.5332],[-3.6266,40.5411],[-3.6742,40.589],[-3.6924,40.5802],[-3.6586,40.5123],[-3.5933,40.5018],[-3.5542,40.5116]]]},"properties":{"GID_4":"ESP.8.1.3.1_1","GID_0":"ESP","COUNTRY":"Spain","GID_1":"ESP.8_1","NAME_1":"ComunidaddeMadrid","GID_2":"ESP.8.1_1","NAME_2":"Madrid","GID_3":"ESP.8.1.3_1","NAME_3":"n.a.(177)","NAME_4":"ALCOBENDAS","VARNAME_4":"NA","TYPE_4":"Municipality","ENGTYPE_4":"Municipality","CC_4":"NA"}},{"type":"Feature","geometry":{"type":"Polygon","coordinates":[[[-3.8677,40.378],[-3.8709,40.3532],[-3.8677,40.3535],[-3.8542,40.3305],[-3.8468,40.3242],[-3.8177,40.3277],[-3.7878,40.3588],[-3.8347,40.3961],[-3.8377,40.4031],[-3.8677,40.378]]]},"properties":{"GID_4":"ESP.8.1.3.2_1","GID_0":"ESP","COUNTRY":"Spain","GID_1":"ESP.8_1","NAME_1":"ComunidaddeMadrid","GID_2":"ESP.8.1_1","NAME_2":"Madrid","GID_3":"ESP.8.1.3_1","NAME_3":"n.a.(177)","NAME_4":"ALCORCON","VARNAME_4":"NA","TYPE_4":"Municipality","ENGTYPE_4":"Municipality","CC_4":"NA"}},{"type":"Feature","geometry":{"type":"Polygon","coordinates":[[[-3.8377,40.4031],[-3.8626,40.444],[-3.8989,40.4563],[-3.9453,40.455],[-3.9491,40.414],[-3.8909,40.3976],[-3.8677,40.378],[-3.8377,40.4031]]]},"properties":{"GID_4":"ESP.8.1.3.3_1","GID_0":"ESP","COUNTRY":"Spain","GID_1":"ESP.8_1","NAME_1":"ComunidaddeMadrid","GID_2":"ESP.8.1_1","NAME_2":"Madrid","GID_3":"ESP.8.1.3_1","NAME_3":"n.a.(177)","NAME_4":"BOADILLA DEL MONTE","VARNAME_4":"NA","TYPE_4":"Municipality","ENGTYPE_4":"Municipality","CC_4":"NA"}},{"type":"Feature","geometry":{"type":"Polygon","coordinates":[[[-4.0466,40.3883],[-4.0344,40.3778],[-4.0051,40.3591],[-3.9485,40.3687],[-3.9451,40.396],[-3.9468,40.4077],[-3.9794,40.4362],[-4.0264,40.4287],[-4.0466,40.3883]]]},"properties":{"GID_4":"ESP.8.1.3.4_1","GID_0":"ESP","COUNTRY":"Spain","GID_1":"ESP.8_1","NAME_1":"ComunidaddeMadrid","GID_2":"ESP.8.1_1","NAME_2":"Madrid","GID_3":"ESP.8.1.3_1","NAME_3":"n.a.(177)","NAME_4":"BRUNETE","VARNAME_4":"NA","TYPE_4":"Municipality","ENGTYPE_4":"Municipality","CC_4":"NA"}},{"type":"Feature","geometry":{"type":"Polygon","coordinates":[[[-3.7102,40.7295],[-3.7327,40.7305],[-3.7729,40.7045],[-3.8016,40.7118],[-3.8141,40.7049],[-3.8318,40.6778],[-3.852,40.6641],[-3.8651,40.6458],[-3.8416,40.5923],[-3.8121,40.6077],[-3.809,40.609],[-3.7949,40.6145],[-3.7829,40.6219],[-3.7173,40.6458],[-3.6677,40.63],[-3.6585,40.6423],[-3.6284,40.6182],[-3.6263,40.6176],[-3.5845,40.6273],[-3.5894,40.6336],[-3.5894,40.6449],[-3.5919,40.6489],[-3.6324,40.6395],[-3.6461,40.6937],[-3.6773,40.7216],[-3.6763,40.7283],[-3.7102,40.7295]]]},"properties":{"GID_4":"ESP.8.1.3.5_1","GID_0":"ESP","COUNTRY":"Spain","GID_1":"ESP.8_1","NAME_1":"ComunidaddeMadrid","GID_2":"ESP.8.1_1","NAME_2":"Madrid","GID_3":"ESP.8.1.3_1","NAME_3":"n.a.(177)","NAME_4":"COLMENAR VIEJO","VARNAME_4":"NA","TYPE_4":"Municipality","ENGTYPE_4":"Municipality","CC_4":"NA"}},{"type":"Feature","geometry":{"type":"Polygon","coordinates":[[[-3.5369,40.4234],[-3.5268,40.4333],[-3.5311,40.4467],[-3.5369,40.4234]]]},"properties":{"GID_4":"ESP.8.1.3.6_1","GID_0":"ESP","COUNTRY":"Spain","GID_1":"ESP.8_1","NAME_1":"ComunidaddeMadrid","GID_2":"ESP.8.1_1","NAME_2":"Madrid","GID_3":"ESP.8.1.3_1","NAME_3":"n.a.(177)","NAME_4":"COSLADA","VARNAME_4":"NA","TYPE_4":"Municipality","ENGTYPE_4":"Municipality","CC_4":"NA"}},{"type":"Feature","geometry":{"type":"Polygon","coordinates":[[[-3.7614,40.2943],[-3.7414,40.2715],[-3.7097,40.2673],[-3.6383,40.292],[-3.6232,40.2665],[-3.5949,40.2745],[-3.5719,40.2873],[-3.5761,40.3152],[-3.5993,40.3122],[-3.6489,40.3334],[-3.6847,40.3226],[-3.7251,40.3347],[-3.7614,40.2943]]]},"properties":{"GID_4":"ESP.8.1.3.7_1","GID_0":"ESP","COUNTRY":"Spain","GID_1":"ESP.8_1","NAME_1":"ComunidaddeMadrid","GID_2":"ESP.8.1_1","NAME_2":"Madrid","GID_3":"ESP.8.1.3_1","NAME_3":"n.a.(177)","NAME_4":"GETAFE","VARNAME_4":"NA","TYPE_4":"Municipality","ENGTYPE_4":"Municipality","CC_4":"NA"}},{"type":"Feature","geometry":{"type":"Polygon","coordinates":[[[-3.8367,40.475],[-3.8367,40.4808],[-3.8365,40.5063],[-3.8853,40.5745],[-3.9454,40.551],[-3.9406,40.5316],[-3.9401,40.5182],[-3.9398,40.5079],[-3.9332,40.4995],[-3.9104,40.5017],[-3.8367,40.475]]]},"properties":{"GID_4":"ESP.8.1.3.8_1","GID_0":"ESP","COUNTRY":"Spain","GID_1":"ESP.8_1","NAME_1":"ComunidaddeMadrid","GID_2":"ESP.8.1_1","NAME_2":"Madrid","GID_3":"ESP.8.1.3_1","NAME_3":"n.a.(177)","NAME_4":"ROZAS DE MADRID (LAS)","VARNAME_4":"NA","TYPE_4":"Municipality","ENGTYPE_4":"Municipality","CC_4":"NA"}},{"type":"Feature","geometry":{"type":"Polygon","coordinates":[[[-3.8177,40.3277],[-3.8032,40.2987],[-3.7614,40.2943],[-3.7251,40.3347],[-3.7211,40.3654],[-3.7878,40.3588],[-3.8177,40.3277]]]},"properties":{"GID_4":"ESP.8.1.3.9_1","GID_0":"ESP","COUNTRY":"Spain","GID_1":"ESP.8_1","NAME_1":"ComunidaddeMadrid","GID_2":"ESP.8.1_1","NAME_2":"Madrid","GID_3":"ESP.8.1.3_1","NAME_3":"n.a.(177)","NAME_4":"LEGANES","VARNAME_4":"NA","TYPE_4":"Municipality","ENGTYPE_4":"Municipality","CC_4":"NA"}},{"type":"Feature","geometry":{"type":"Polygon","coordinates":[[[-3.6742,40.589],[-3.6254,40.5734],[-3.6176,40.611],[-3.6284,40.6182],[-3.6585,40.6423],[-3.6685,40.6276],[-3.6965,40.59],[-3.7203,40.5821],[-3.8076,40.6096],[-3.8121,40.6077],[-3.8416,40.5923],[-3.8836,40.5856],[-3.8853,40.5745],[-3.8365,40.5063],[-3.8367,40.4808],[-3.8383,40.4677],[-3.8343,40.4644],[-3.8289,40.4663],[-3.8024,40.462],[-3.7958,40.4578],[-3.7889,40.4457],[-3.7813,40.3942],[-3.8347,40.3961],[-3.7878,40.3588],[-3.7211,40.3654],[-3.7251,40.3347],[-3.6847,40.3226],[-3.6489,40.3334],[-3.5993,40.3122],[-3.5761,40.3152],[-3.5425,40.3932],[-3.5194,40.4098],[-3.5369,40.4234],[-3.5311,40.4467],[-3.5342,40.4518],[-3.5249,40.4681],[-3.5257,40.47],[-3.5542,40.5116],[-3.5933,40.5018],[-3.6586,40.5123],[-3.6924,40.5802],[-3.6742,40.589]]]},"properties":{"GID_4":"ESP.8.1.3.10_1","GID_0":"ESP","COUNTRY":"Spain","GID_1":"ESP.8_1","NAME_1":"ComunidaddeMadrid","GID_2":"ESP.8.1_1","NAME_2":"Madrid","GID_3":"ESP.8.1.3_1","NAME_3":"n.a.(177)","NAME_4":"MADRID","VARNAME_4":"NA","TYPE_4":"Municipality","ENGTYPE_4":"Municipality","CC_4":"NA"}},{"type":"Feature","geometry":{"type":"Polygon","coordinates":[[[-3.8626,40.444],[-3.8465,40.4582],[-3.8343,40.4644],[-3.8383,40.4677],[-3.8367,40.475],[-3.9104,40.5017],[-3.9351,40.4983],[-3.9367,40.4925],[-3.9363,40.4786],[-3.9453,40.455],[-3.8989,40.4563],[-3.8626,40.444]]]},"properties":{"GID_4":"ESP.8.1.3.11_1","GID_0":"ESP","COUNTRY":"Spain","GID_1":"ESP.8_1","NAME_1":"ComunidaddeMadrid","GID_2":"ESP.8.1_1","NAME_2":"Madrid","GID_3":"ESP.8.1.3_1","NAME_3":"n.a.(177)","NAME_4":"MAJADAHONDA","VARNAME_4":"NA","TYPE_4":"Municipality","ENGTYPE_4":"Municipality","CC_4":"NA"}},{"type":"Feature","geometry":{"type":"Polygon","coordinates":[[[-3.7414,40.2715],[-3.7472,40.2549],[-3.7332,40.2112],[-3.6998,40.1991],[-3.6442,40.2297],[-3.626,40.2659],[-3.6232,40.2665],[-3.6383,40.292],[-3.7097,40.2673],[-3.7414,40.2715]]]},"properties":{"GID_4":"ESP.8.1.3.14_1","GID_0":"ESP","COUNTRY":"Spain","GID_1":"ESP.8_1","NAME_1":"ComunidaddeMadrid","GID_2":"ESP.8.1_1","NAME_2":"Madrid","GID_3":"ESP.8.1.3_1","NAME_3":"n.a.(177)","NAME_4":"PINTO","VARNAME_4":"NA","TYPE_4":"Municipality","ENGTYPE_4":"Municipality","CC_4":"NA"}},{"type":"Feature","geometry":{"type":"Polygon","coordinates":[[[-3.8347,40.3961],[-3.7813,40.3942],[-3.7889,40.4457],[-3.7958,40.4578],[-3.8024,40.462],[-3.8289,40.4663],[-3.8465,40.4582],[-3.8626,40.444],[-3.8377,40.4031],[-3.8347,40.3961]]]},"properties":{"GID_4":"ESP.8.1.3.15_1","GID_0":"ESP","COUNTRY":"Spain","GID_1":"ESP.8_1","NAME_1":"ComunidaddeMadrid","GID_2":"ESP.8.1_1","NAME_2":"Madrid","GID_3":"ESP.8.1.3_1","NAME_3":"n.a.(177)","NAME_4":"POZUELO DE ALARCON","VARNAME_4":"NA","TYPE_4":"Municipality","ENGTYPE_4":"Municipality","CC_4":"NA"}},{"type":"Feature","geometry":{"type":"Polygon","coordinates":[[[-3.4718,40.3382],[-3.5002,40.3781],[-3.5092,40.3956],[-3.5005,40.406],[-3.5194,40.4098],[-3.5425,40.3932],[-3.5761,40.3152],[-3.5719,40.2873],[-3.5192,40.2933],[-3.4718,40.3382]]]},"properties":{"GID_4":"ESP.8.1.3.17_1","GID_0":"ESP","COUNTRY":"Spain","GID_1":"ESP.8_1","NAME_1":"ComunidaddeMadrid","GID_2":"ESP.8.1_1","NAME_2":"Madrid","GID_3":"ESP.8.1.3_1","NAME_3":"n.a.(177)","NAME_4":"RIVAS-VACIAMADRID","VARNAME_4":"NA","TYPE_4":"Municipality","ENGTYPE_4":"Municipality","CC_4":"NA"}},{"type":"Feature","geometry":{"type":"Polygon","coordinates":[[[-3.4471,40.4463],[-3.4528,40.4412],[-3.4821,40.4305],[-3.4964,40.4726],[-3.5128,40.469],[-3.5274,40.4715],[-3.5249,40.4681],[-3.5342,40.4518],[-3.5268,40.4333],[-3.5369,40.4234],[-3.5194,40.4098],[-3.5005,40.406],[-3.5002,40.4076],[-3.4409,40.4126],[-3.4197,40.4235],[-3.4103,40.4266],[-3.419,40.4511],[-3.4337,40.454],[-3.4471,40.4463]]]},"properties":{"GID_4":"ESP.8.1.3.18_1","GID_0":"ESP","COUNTRY":"Spain","GID_1":"ESP.8_1","NAME_1":"ComunidaddeMadrid","GID_2":"ESP.8.1_1","NAME_2":"Madrid","GID_3":"ESP.8.1.3_1","NAME_3":"n.a.(177)","NAME_4":"SAN FERNANDO DE HENARES","VARNAME_4":"NA","TYPE_4":"Municipality","ENGTYPE_4":"Municipality","CC_4":"NA"}},{"type":"Feature","geometry":{"type":"Polygon","coordinates":[[[-3.5845,40.6273],[-3.6263,40.6176],[-3.6176,40.611],[-3.6254,40.5734],[-3.6742,40.589],[-3.6266,40.5411],[-3.5494,40.5332],[-3.5469,40.5351],[-3.544,40.5699],[-3.5436,40.5722],[-3.5378,40.5798],[-3.5399,40.5826],[-3.5758,40.6019],[-3.5807,40.6231],[-3.5845,40.6273]]]},"properties":{"GID_4":"ESP.8.1.3.19_1","GID_0":"ESP","COUNTRY":"Spain","GID_1":"ESP.8_1","NAME_1":"ComunidaddeMadrid","GID_2":"ESP.8.1_1","NAME_2":"Madrid","GID_3":"ESP.8.1.3_1","NAME_3":"n.a.(177)","NAME_4":"SAN SEBASTIAN DE LOS REYES","VARNAME_4":"NA","TYPE_4":"Municipality","ENGTYPE_4":"Municipality","CC_4":"NA"}},{"type":"Feature","geometry":{"type":"Polygon","coordinates":[[[-3.4798,40.4945],[-3.4764,40.4881],[-3.4984,40.4719],[-3.4964,40.4726],[-3.4821,40.4305],[-3.4528,40.4412],[-3.4305,40.4616],[-3.4279,40.4922],[-3.4293,40.511],[-3.4497,40.5042],[-3.4798,40.4945]]]},"properties":{"GID_4":"ESP.8.1.3.20_1","GID_0":"ESP","COUNTRY":"Spain","GID_1":"ESP.8_1","NAME_1":"ComunidaddeMadrid","GID_2":"ESP.8.1_1","NAME_2":"Madrid","GID_3":"ESP.8.1.3_1","NAME_3":"n.a.(177)","NAME_4":"TORREJON DE ARDOZ","VARNAME_4":"NA","TYPE_4":"Municipality","ENGTYPE_4":"Municipality","CC_4":"NA"}},{"type":"Feature","geometry":{"type":"Polygon","coordinates":[[[-3.809,40.609],[-3.8076,40.6096],[-3.7203,40.5821],[-3.6965,40.59],[-3.6685,40.6276],[-3.6677,40.63],[-3.7173,40.6458],[-3.7829,40.6219],[-3.7949,40.6145],[-3.809,40.609]]]},"properties":{"GID_4":"ESP.8.1.3.21_1","GID_0":"ESP","COUNTRY":"Spain","GID_1":"ESP.8_1","NAME_1":"ComunidaddeMadrid","GID_2":"ESP.8.1_1","NAME_2":"Madrid","GID_3":"ESP.8.1.3_1","NAME_3":"n.a.(177)","NAME_4":"TRES CANTOS","VARNAME_4":"NA","TYPE_4":"Municipality","ENGTYPE_4":"Municipality","CC_4":"NA"}},{"type":"Feature","geometry":{"type":"Polygon","coordinates":[[[-3.8677,40.378],[-3.8909,40.3976],[-3.9491,40.414],[-3.9451,40.396],[-3.9485,40.3687],[-4.0051,40.3591],[-4.006,40.3392],[-3.9415,40.3007],[-3.942,40.3062],[-3.9342,40.3375],[-3.8816,40.3541],[-3.8709,40.3532],[-3.8677,40.378]]]},"properties":{"GID_4":"ESP.8.1.3.25_1","GID_0":"ESP","COUNTRY":"Spain","GID_1":"ESP.8_1","NAME_1":"ComunidaddeMadrid","GID_2":"ESP.8.1_1","NAME_2":"Madrid","GID_3":"ESP.8.1.3_1","NAME_3":"n.a.(177)","NAME_4":"VILLAVICIOSA DE ODON","VARNAME_4":"NA","TYPE_4":"Municipality","ENGTYPE_4":"Municipality","CC_4":"NA"}},{"type":"Feature","geometry":{"type":"Polygon","coordinates":[[[-3.8768,40.2882],[-3.9052,40.3039],[-3.9418,40.2975],[-3.9295,40.2961],[-3.9418,40.2922],[-3.9418,40.2858],[-3.9448,40.2612],[-3.9394,40.2629],[-3.9016,40.2623],[-3.8791,40.2854],[-3.8768,40.2882]]]},"properties":{"GID_4":"ESP.8.1.4.2_1","GID_0":"ESP","COUNTRY":"Spain","GID_1":"ESP.8_1","NAME_1":"ComunidaddeMadrid","GID_2":"ESP.8.1_1","NAME_2":"Madrid","GID_3":"ESP.8.1.4_1","NAME_3":"n.a.(178)","NAME_4":"ARROYOMOLINOS","VARNAME_4":"NA","TYPE_4":"Municipality","ENGTYPE_4":"Municipality","CC_4":"NA"}},{"type":"Feature","geometry":{"type":"Polygon","coordinates":[[[-3.9844,40.5164],[-4.0053,40.5616],[-4.0312,40.583],[-4.0475,40.5828],[-4.0446,40.5786],[-4.0504,40.5522],[-4.0008,40.4857],[-3.9844,40.5164]]]},"properties":{"GID_4":"ESP.8.1.4.9_1","GID_0":"ESP","COUNTRY":"Spain","GID_1":"ESP.8_1","NAME_1":"ComunidaddeMadrid","GID_2":"ESP.8.1_1","NAME_2":"Madrid","GID_3":"ESP.8.1.4_1","NAME_3":"n.a.(178)","NAME_4":"COLMENAREJO","VARNAME_4":"NA","TYPE_4":"Municipality","ENGTYPE_4":"Municipality","CC_4":"NA"}},{"type":"Feature","geometry":{"type":"Polygon","coordinates":[[[-3.8475,40.3259],[-3.8433,40.2913],[-3.8389,40.2768],[-3.8076,40.2633],[-3.8018,40.2507],[-3.7558,40.2516],[-3.7414,40.2715],[-3.7614,40.2943],[-3.8032,40.2987],[-3.8177,40.3277],[-3.8468,40.3242],[-3.8475,40.3259]]]},"properties":{"GID_4":"ESP.8.1.4.12_1","GID_0":"ESP","COUNTRY":"Spain","GID_1":"ESP.8_1","NAME_1":"ComunidaddeMadrid","GID_2":"ESP.8.1_1","NAME_2":"Madrid","GID_3":"ESP.8.1.4_1","NAME_3":"n.a.(178)","NAME_4":"FUENLABRADA","VARNAME_4":"NA","TYPE_4":"Municipality","ENGTYPE_4":"Municipality","CC_4":"NA"}},{"type":"Feature","geometry":{"type":"Polygon","coordinates":[[[-3.8205,40.2054],[-3.8067,40.2156],[-3.8031,40.2203],[-3.8073,40.2295],[-3.8426,40.2333],[-3.8562,40.2383],[-3.8796,40.233],[-3.8843,40.2322],[-3.866,40.2031],[-3.8689,40.201],[-3.8205,40.2054]]]},"properties":{"GID_4":"ESP.8.1.4.13_1","GID_0":"ESP","COUNTRY":"Spain","GID_1":"ESP.8_1","NAME_1":"ComunidaddeMadrid","GID_2":"ESP.8.1_1","NAME_2":"Madrid","GID_3":"ESP.8.1.4_1","NAME_3":"n.a.(178)","NAME_4":"GRIÑON","VARNAME_4":"NA","TYPE_4":"Municipality","ENGTYPE_4":"Municipality","CC_4":"NA"}},{"type":"Feature","geometry":{"type":"Polygon","coordinates":[[[-3.8677,40.3535],[-3.8816,40.3541],[-3.9342,40.3375],[-3.942,40.3062],[-3.9418,40.2975],[-3.9052,40.3039],[-3.8768,40.2882],[-3.8736,40.2891],[-3.8406,40.2857],[-3.8433,40.2913],[-3.8475,40.3259],[-3.8542,40.3305],[-3.8677,40.3535]]]},"properties":{"GID_4":"ESP.8.1.4.16_1","GID_0":"ESP","COUNTRY":"Spain","GID_1":"ESP.8_1","NAME_1":"ComunidaddeMadrid","GID_2":"ESP.8.1_1","NAME_2":"Madrid","GID_3":"ESP.8.1.4_1","NAME_3":"n.a.(178)","NAME_4":"MOSTOLES","VARNAME_4":"NA","TYPE_4":"Municipality","ENGTYPE_4":"Municipality","CC_4":"NA"}},{"type":"Feature","geometry":{"type":"Polygon","coordinates":[[[-3.7128,40.1419],[-3.6669,40.1435],[-3.6321,40.1772],[-3.5915,40.1964],[-3.6442,40.2297],[-3.6998,40.1991],[-3.6999,40.1611],[-3.7181,40.1465],[-3.7122,40.1428],[-3.7128,40.1419]]]},"properties":{"GID_4":"ESP.8.1.4.29_1","GID_0":"ESP","COUNTRY":"Spain","GID_1":"ESP.8_1","NAME_1":"ComunidaddeMadrid","GID_2":"ESP.8.1_1","NAME_2":"Madrid","GID_3":"ESP.8.1.4_1","NAME_3":"n.a.(178)","NAME_4":"VALDEMORO","VARNAME_4":"NA","TYPE_4":"Municipality","ENGTYPE_4":"Municipality","CC_4":"NA"}},{"type":"Feature","geometry":{"type":"Polygon","coordinates":[[[-4.0256,40.6324],[-4.0329,40.6307],[-4.0062,40.6162],[-3.9576,40.6336],[-3.949,40.6573],[-3.9958,40.6807],[-4.0256,40.6324]]]},"properties":{"GID_4":"ESP.8.1.5.5_1","GID_0":"ESP","COUNTRY":"Spain","GID_1":"ESP.8_1","NAME_1":"ComunidaddeMadrid","GID_2":"ESP.8.1_1","NAME_2":"Madrid","GID_3":"ESP.8.1.5_1","NAME_3":"n.a.(179)","NAME_4":"COLLADO VILLALBA","VARNAME_4":"NA","TYPE_4":"Municipality","ENGTYPE_4":"Municipality","CC_4":"NA"}},{"type":"Feature","geometry":{"type":"Polygon","coordinates":[[[-3.8853,40.5745],[-3.8836,40.5856],[-3.9184,40.5937],[-3.9515,40.5953],[-3.9454,40.551],[-3.8853,40.5745]]]},"properties":{"GID_4":"ESP.8.1.5.21_1","GID_0":"ESP","COUNTRY":"Spain","GID_1":"ESP.8_1","NAME_1":"ComunidaddeMadrid","GID_2":"ESP.8.1_1","NAME_2":"Madrid","GID_3":"ESP.8.1.5_1","NAME_3":"n.a.(179)","NAME_4":"TORRELODONES","VARNAME_4":"NA","TYPE_4":"Municipality","ENGTYPE_4":"Municipality","CC_4":"NA"}},{"type":"Feature","geometry":{"type":"Polygon","coordinates":[[[-3.8038,39.8846],[-3.8061,39.8878],[-3.7448,39.9406],[-3.6775,39.9611],[-3.6619,39.9662],[-3.631,39.9688],[-3.638,39.9888],[-3.6222,39.9914],[-3.6094,39.9985],[-3.5504,40.0179],[-3.5294,40.0184],[-3.5198,40.0209],[-3.5219,40.0259],[-3.5152,40.0433],[-3.5361,40.0692],[-3.5942,40.0672],[-3.5815,40.0954],[-3.5749,40.1147],[-3.5603,40.1214],[-3.5579,40.1255],[-3.578,40.1298],[-3.5908,40.1267],[-3.6064,40.109],[-3.6205,40.0561],[-3.6674,40.0285],[-3.6963,40.0208],[-3.712,40.0094],[-3.7156,40.0033],[-3.7514,39.9528],[-3.8182,39.9467],[-3.8247,39.9467],[-3.8668,39.9313],[-3.8692,39.9175],[-3.8763,39.9109],[-3.8695,39.9047],[-3.8343,39.8998],[-3.8146,39.8859],[-3.8038,39.8846]]]},"properties":{"GID_4":"ESP.8.1.6.2_1","GID_0":"ESP","COUNTRY":"Spain","GID_1":"ESP.8_1","NAME_1":"ComunidaddeMadrid","GID_2":"ESP.8.1_1","NAME_2":"Madrid","GID_3":"ESP.8.1.6_1","NAME_3":"n.a.(180)","NAME_4":"ARANJUEZ","VARNAME_4":"NA","TYPE_4":"Municipality","ENGTYPE_4":"Municipality","CC_4":"NA"}},{"type":"Feature","geometry":{"type":"Polygon","coordinates":[[[-1.7987,41.9926],[-1.7341,42.0343],[-1.6877,42.0521],[-1.646,42.0324],[-1.641,42.0163],[-1.6138,42.0123],[-1.6071,42.014],[-1.555,42.0307],[-1.566,42.0539],[-1.5232,42.0789],[-1.5,42.1102],[-1.5717,42.1298],[-1.5679,42.1341],[-1.6242,42.1456],[-1.6406,42.1563],[-1.6388,42.166],[-1.6889,42.1303],[-1.7435,42.0749],[-1.7789,42.0371],[-1.8203,42.029],[-1.8252,41.9956],[-1.8103,41.998],[-1.7987,41.9926]]]},"properties":{"GID_4":"ESP.9.1.6.18_1","GID_0":"ESP","COUNTRY":"Spain","GID_1":"ESP.9_1","NAME_1":"ComunidadForaldeNavarra","GID_2":"ESP.9.1_1","NAME_2":"Navarra","GID_3":"ESP.9.1.6_1","NAME_3":"n.a.(190)","NAME_4":"TUDELA","VARNAME_4":"NA","TYPE_4":"Municipality","ENGTYPE_4":"Municipality","CC_4":"NA"}},{"type":"Feature","geometry":{"type":"Polygon","coordinates":[[[-1.6511,42.8315],[-1.6601,42.8309],[-1.6897,42.8371],[-1.6953,42.834],[-1.6852,42.8206],[-1.6901,42.8088],[-1.673,42.8051],[-1.6826,42.802],[-1.6623,42.7919],[-1.6341,42.7889],[-1.6253,42.7906],[-1.6175,42.8069],[-1.6234,42.8105],[-1.6169,42.8148],[-1.6158,42.8188],[-1.6164,42.8345],[-1.6163,42.839],[-1.6395,42.8413],[-1.6323,42.8388],[-1.6491,42.8298],[-1.6511,42.8315]]]},"properties":{"GID_4":"ESP.9.1.9.33_1","GID_0":"ESP","COUNTRY":"Spain","GID_1":"ESP.9_1","NAME_1":"ComunidadForaldeNavarra","GID_2":"ESP.9.1_1","NAME_2":"Navarra","GID_3":"ESP.9.1.9_1","NAME_3":"n.a.(193)","NAME_4":"PAMPLONA/IRUÑA","VARNAME_4":"Iruña","TYPE_4":"Municipality","ENGTYPE_4":"Municipality","CC_4":"NA"}},{"type":"Feature","geometry":{"type":"MultiPolygon","coordinates":[[[[-0.5778,38.3977],[-0.6362,38.3964],[-0.6566,38.3823],[-0.6404,38.3448],[-0.568,38.3018],[-0.543,38.3065],[-0.5246,38.275],[-0.5126,38.3221],[-0.4087,38.3823],[-0.4189,38.391],[-0.4477,38.3955],[-0.4619,38.3951],[-0.4847,38.4027],[-0.4974,38.3801],[-0.5519,38.398],[-0.5476,38.4288],[-0.595,38.4742],[-0.6147,38.4764],[-0.6023,38.4428],[-0.6106,38.4283],[-0.579,38.4013],[-0.5778,38.3977]]],[[[-0.4345,38.452],[-0.4322,38.4567],[-0.4534,38.4941],[-0.4793,38.484],[-0.5053,38.4752],[-0.5272,38.474],[-0.5321,38.4733],[-0.5275,38.4634],[-0.4345,38.452]]],[[[-0.3841,38.5156],[-0.3778,38.5364],[-0.3809,38.5368],[-0.3945,38.5327],[-0.3841,38.5156]]]]},"properties":{"GID_4":"ESP.10.1.1.3_1","GID_0":"ESP","COUNTRY":"Spain","GID_1":"ESP.10_1","NAME_1":"ComunidadValenciana","GID_2":"ESP.10.1_1","NAME_2":"Alicante","GID_3":"ESP.10.1.1_1","NAME_3":"Alacanti","NAME_4":"ALICANTE/ALACANT","VARNAME_4":"Alacant","TYPE_4":"Municipality","ENGTYPE_4":"Municipality","CC_4":"NA"}},{"type":"Feature","geometry":{"type":"Polygon","coordinates":[[[-0.4847,38.4027],[-0.5275,38.4634],[-0.5321,38.4733],[-0.5377,38.4717],[-0.5621,38.481],[-0.595,38.4742],[-0.5476,38.4288],[-0.5519,38.398],[-0.4974,38.3801],[-0.4847,38.4027]]]},"properties":{"GID_4":"ESP.10.1.1.8_1","GID_0":"ESP","COUNTRY":"Spain","GID_1":"ESP.10_1","NAME_1":"ComunidadValenciana","GID_2":"ESP.10.1_1","NAME_2":"Alicante","GID_3":"ESP.10.1.1_1","NAME_3":"Alacanti","NAME_4":"SAN VICENTE DEL RASPEIG/SANT VICENT DEL RASPEIG","VARNAME_4":"SantVicentdelRaspeig","TYPE_4":"Municipality","ENGTYPE_4":"Municipality","CC_4":"NA"}},{"type":"Feature","geometry":{"type":"Polygon","coordinates":[[[-0.4189,38.391],[-0.4194,38.428],[-0.4548,38.396],[-0.4477,38.3955],[-0.4189,38.391]]]},"properties":{"GID_4":"ESP.10.1.1.9_1","GID_0":"ESP","COUNTRY":"Spain","GID_1":"ESP.10_1","NAME_1":"ComunidadValenciana","GID_2":"ESP.10.1_1","NAME_2":"Alicante","GID_3":"ESP.10.1.1_1","NAME_3":"Alacanti","NAME_4":"SANT JOAN D'ALACANT","VARNAME_4":"SanJuandeAlicante","TYPE_4":"Municipality","ENGTYPE_4":"Municipality","CC_4":"NA"}},{"type":"Feature","geometry":{"type":"Polygon","coordinates":[[[-0.4448,38.6259],[-0.4373,38.6277],[-0.4286,38.636],[-0.4322,38.6558],[-0.4304,38.6635],[-0.4363,38.6881],[-0.5071,38.743],[-0.6169,38.6894],[-0.6209,38.682],[-0.6346,38.6728],[-0.634,38.6638],[-0.6032,38.6522],[-0.5241,38.6582],[-0.4956,38.6203],[-0.4844,38.6306],[-0.4448,38.6259]]]},"properties":{"GID_4":"ESP.10.1.2.1_1","GID_0":"ESP","COUNTRY":"Spain","GID_1":"ESP.10_1","NAME_1":"ComunidadValenciana","GID_2":"ESP.10.1_1","NAME_2":"Alicante","GID_3":"ESP.10.1.2_1","NAME_3":"Alcoia","NAME_4":"ALCOY/ALCOI","VARNAME_4":"Alcoi","TYPE_4":"Municipality","ENGTYPE_4":"Municipality","CC_4":"NA"}},{"type":"Feature","geometry":{"type":"Polygon","coordinates":[[[-0.4956,38.6203],[-0.5241,38.6582],[-0.6032,38.6522],[-0.6196,38.6166],[-0.6164,38.6025],[-0.5749,38.5898],[-0.537,38.5989],[-0.5103,38.6087],[-0.4956,38.6203]]]},"properties":{"GID_4":"ESP.10.1.2.5_1","GID_0":"ESP","COUNTRY":"Spain","GID_1":"ESP.10_1","NAME_1":"ComunidadValenciana","GID_2":"ESP.10.1_1","NAME_2":"Alicante","GID_3":"ESP.10.1.2_1","NAME_3":"Alcoia","NAME_4":"IBI","VARNAME_4":"NA","TYPE_4":"Municipality","ENGTYPE_4":"Municipality","CC_4":"NA"}},{"type":"Feature","geometry":{"type":"Polygon","coordinates":[[[-0.9614,38.7748],[-0.9157,38.696],[-0.9624,38.657],[-1.0108,38.6566],[-1.0261,38.6557],[-1.0015,38.5729],[-1.0262,38.5225],[-1.0139,38.4971],[-0.9856,38.5057],[-0.8969,38.5517],[-0.8661,38.5387],[-0.8645,38.5561],[-0.7997,38.5998],[-0.8115,38.6394],[-0.8474,38.7147],[-0.8426,38.7323],[-0.8375,38.7365],[-0.8601,38.7694],[-0.9042,38.7671],[-0.9289,38.7839],[-0.9499,38.7761],[-0.9614,38.7748]]]},"properties":{"GID_4":"ESP.10.1.3.7_1","GID_0":"ESP","COUNTRY":"Spain","GID_1":"ESP.10_1","NAME_1":"ComunidadValenciana","GID_2":"ESP.10.1_1","NAME_2":"Alicante","GID_3":"ESP.10.1.3_1","NAME_3":"AltVinalopo","NAME_4":"VILLENA","VARNAME_4":"NA","TYPE_4":"Municipality","ENGTYPE_4":"Municipality","CC_4":"NA"}},{"type":"Feature","geometry":{"type":"MultiPolygon","coordinates":[[[[-0.8138,38.0426],[-0.8288,38.0477],[-0.8353,38.0502],[-0.8349,38.0482],[-0.8589,38.0462],[-0.8744,38.0563],[-0.881,38.0546],[-0.8808,38.0611],[-0.8375,38.0541],[-0.835,38.0998],[-0.8274,38.1046],[-0.8144,38.1271],[-0.8107,38.1283],[-0.8121,38.1307],[-0.8392,38.1255],[-0.8934,38.1118],[-0.9182,38.1055],[-0.9325,38.1312],[-0.959,38.1398],[-0.9729,38.1365],[-1.0087,38.1669],[-1.0366,38.1374],[-1.0305,38.1159],[-1.0222,38.0752],[-1.0065,38.055],[-0.9986,38.0515],[-0.966,38.0127],[-0.9213,37.9445],[-0.8624,37.9408],[-0.7518,37.8896],[-0.719,37.9115],[-0.7056,37.9415],[-0.7577,37.9735],[-0.7707,37.9439],[-0.8088,37.9319],[-0.8448,37.952],[-0.8402,37.9942],[-0.8103,38.0224],[-0.8156,38.0381],[-0.8138,38.0426]]],[[[-0.8199,38.0727],[-0.8237,38.0861],[-0.8311,38.0855],[-0.8199,38.0727]]],[[[-0.9163,38.2011],[-0.9414,38.2205],[-0.9439,38.2555],[-0.9486,38.2836],[-0.9714,38.3296],[-0.989,38.3206],[-0.9677,38.2559],[-1.0048,38.1722],[-0.9619,38.1548],[-0.9509,38.1575],[-0.9461,38.1552],[-0.95,38.1681],[-0.9384,38.1735],[-0.9305,38.155],[-0.9108,38.1593],[-0.8937,38.1662],[-0.9163,38.2011]]]]},"properties":{"GID_4":"ESP.10.1.4.19_1","GID_0":"ESP","COUNTRY":"Spain","GID_1":"ESP.10_1","NAME_1":"ComunidadValenciana","GID_2":"ESP.10.1_1","NAME_2":"Alicante","GID_3":"ESP.10.1.4_1","NAME_3":"BaixSegura","NAME_4":"ORIHUELA","VARNAME_4":"Oriola","TYPE_4":"Municipality","ENGTYPE_4":"Municipality","CC_4":"NA"}},{"type":"Feature","geometry":{"type":"Polygon","coordinates":[[[-0.7405,38.0465],[-0.7402,38.0434],[-0.7344,38.0378],[-0.7238,38.0326],[-0.6932,38.0482],[-0.6991,38.1153],[-0.7133,38.1123],[-0.7351,38.0862],[-0.753,38.0834],[-0.7532,38.0981],[-0.7618,38.0983],[-0.762,38.0703],[-0.7405,38.0465]]]},"properties":{"GID_4":"ESP.10.1.4.23_1","GID_0":"ESP","COUNTRY":"Spain","GID_1":"ESP.10_1","NAME_1":"ComunidadValenciana","GID_2":"ESP.10.1_1","NAME_2":"Alicante","GID_3":"ESP.10.1.4_1","NAME_3":"BaixSegura","NAME_4":"ROJALES","VARNAME_4":"NA","TYPE_4":"Municipality","ENGTYPE_4":"Municipality","CC_4":"NA"}},{"type":"Feature","geometry":{"type":"Polygon","coordinates":[[[-0.7231,38.1124],[-0.7188,38.1113],[-0.6881,38.1175],[-0.6512,38.1106],[-0.6581,38.1391],[-0.6705,38.1436],[-0.6975,38.136],[-0.7157,38.1366],[-0.739,38.1166],[-0.7231,38.1124]]]},"properties":{"GID_4":"ESP.10.1.4.24_1","GID_0":"ESP","COUNTRY":"Spain","GID_1":"ESP.10_1","NAME_1":"ComunidadValenciana","GID_2":"ESP.10.1_1","NAME_2":"Alicante","GID_3":"ESP.10.1.4_1","NAME_3":"BaixSegura","NAME_4":"SAN FULGENCIO","VARNAME_4":"NA","TYPE_4":"Municipality","ENGTYPE_4":"Municipality","CC_4":"NA"}},{"type":"Feature","geometry":{"type":"Polygon","coordinates":[[[-0.6932,38.0482],[-0.7238,38.0326],[-0.7174,38.0305],[-0.7499,38.0104],[-0.7618,38.0056],[-0.7577,37.9735],[-0.7056,37.9415],[-0.6932,37.9721],[-0.6529,37.9965],[-0.6512,38.0299],[-0.6932,38.0482]]]},"properties":{"GID_4":"ESP.10.1.4.27_1","GID_0":"ESP","COUNTRY":"Spain","GID_1":"ESP.10_1","NAME_1":"ComunidadValenciana","GID_2":"ESP.10.1_1","NAME_2":"Alicante","GID_3":"ESP.10.1.4_1","NAME_3":"BaixSegura","NAME_4":"TORREVIEJA","VARNAME_4":"NA","TYPE_4":"Municipality","ENGTYPE_4":"Municipality","CC_4":"NA"}},{"type":"Feature","geometry":{"type":"Polygon","coordinates":[[[-0.0066,38.6434],[0.0073,38.6377],[0.0106,38.6315],[0.0676,38.6404],[0.0851,38.659],[0.0504,38.6788],[-0.0066,38.6434]]]},"properties":{"GID_4":"ESP.10.1.6.10_1","GID_0":"ESP","COUNTRY":"Spain","GID_1":"ESP.10_1","NAME_1":"ComunidadValenciana","GID_2":"ESP.10.1_1","NAME_2":"Alicante","GID_3":"ESP.10.1.6_1","NAME_3":"MarinaAlta","NAME_4":"CALPE/CALP","VARNAME_4":"Calp","TYPE_4":"Municipality","ENGTYPE_4":"Municipality","CC_4":"NA"}},{"type":"Feature","geometry":{"type":"MultiPolygon","coordinates":[[[[0.0727,38.7936],[0.1025,38.7827],[0.0884,38.747],[0.101,38.749],[0.1168,38.7492],[0.106,38.8081],[0.1554,38.8058],[0.1488,38.8318],[0.0546,38.8635],[0.0247,38.8602],[0.0206,38.8443],[0.0214,38.8388],[0.027,38.8361],[0.0399,38.829],[0.0336,38.8192],[0.0727,38.7936]]],[[[-0.0409,38.8393],[-0.023,38.845],[-0.0045,38.8658],[0.009,38.8611],[-0.0371,38.8806],[-0.0421,38.8565],[-0.0445,38.844],[-0.0409,38.8393]]]]},"properties":{"GID_4":"ESP.10.1.6.12_1","GID_0":"ESP","COUNTRY":"Spain","GID_1":"ESP.10_1","NAME_1":"ComunidadValenciana","GID_2":"ESP.10.1_1","NAME_2":"Alicante","GID_3":"ESP.10.1.6_1","NAME_3":"MarinaAlta","NAME_4":"DENIA","VARNAME_4":"Denia","TYPE_4":"Municipality","ENGTYPE_4":"Municipality","CC_4":"NA"}},{"type":"Feature","geometry":{"type":"Polygon","coordinates":[[[0.1613,38.7311],[0.1796,38.7167],[0.2335,38.7463],[0.1554,38.8058],[0.106,38.8081],[0.1168,38.7492],[0.1181,38.7407],[0.1613,38.7311]]]},"properties":{"GID_4":"ESP.10.1.6.18_1","GID_0":"ESP","COUNTRY":"Spain","GID_1":"ESP.10_1","NAME_1":"ComunidadValenciana","GID_2":"ESP.10.1_1","NAME_2":"Alicante","GID_3":"ESP.10.1.6_1","NAME_3":"MarinaAlta","NAME_4":"JAVEA/XABIA","VARNAME_4":"Xàbia","TYPE_4":"Municipality","ENGTYPE_4":"Municipality","CC_4":"NA"}},{"type":"Feature","geometry":{"type":"Polygon","coordinates":[[[0.0039,38.8092],[0.0322,38.8172],[0.0399,38.829],[0.027,38.8361],[0.0177,38.8415],[-0.0192,38.8389],[0.0039,38.8092]]]},"properties":{"GID_4":"ESP.10.1.6.23_1","GID_0":"ESP","COUNTRY":"Spain","GID_1":"ESP.10_1","NAME_1":"ComunidadValenciana","GID_2":"ESP.10.1_1","NAME_2":"Alicante","GID_3":"ESP.10.1.6_1","NAME_3":"MarinaAlta","NAME_4":"ONDARA","VARNAME_4":"NA","TYPE_4":"Municipality","ENGTYPE_4":"Municipality","CC_4":"NA"}},{"type":"Feature","geometry":{"type":"Polygon","coordinates":[[[0.1085,38.6743],[0.1557,38.6871],[0.1508,38.7058],[0.1181,38.7407],[0.1168,38.7492],[0.101,38.749],[0.0796,38.7449],[0.0887,38.7243],[0.0825,38.7007],[0.1085,38.6743]]]},"properties":{"GID_4":"ESP.10.1.6.31_1","GID_0":"ESP","COUNTRY":"Spain","GID_1":"ESP.10_1","NAME_1":"ComunidadValenciana","GID_2":"ESP.10.1_1","NAME_2":"Alicante","GID_3":"ESP.10.1.6_1","NAME_3":"MarinaAlta","NAME_4":"TEULADA","VARNAME_4":"NA","TYPE_4":"Municipality","ENGTYPE_4":"Municipality","CC_4":"NA"}},{"type":"Feature","geometry":{"type":"Polygon","coordinates":[[[-0.0665,38.5457],[-0.1146,38.5684],[-0.1326,38.5672],[-0.1731,38.6012],[-0.1867,38.6102],[-0.159,38.5706],[-0.1751,38.5609],[-0.1476,38.5368],[-0.0965,38.5235],[-0.0665,38.5457]]]},"properties":{"GID_4":"ESP.10.1.7.2_1","GID_0":"ESP","COUNTRY":"Spain","GID_1":"ESP.10_1","NAME_1":"ComunidadValenciana","GID_2":"ESP.10.1_1","NAME_2":"Alicante","GID_3":"ESP.10.1.7_1","NAME_3":"MarinaBaixa","NAME_4":"BENIDORM","VARNAME_4":"NA","TYPE_4":"Municipality","ENGTYPE_4":"Municipality","CC_4":"NA"}},{"type":"Feature","geometry":{"type":"Polygon","coordinates":[[[-0.08,38.5961],[-0.1212,38.5988],[-0.1196,38.569],[-0.1146,38.5684],[-0.0665,38.5457],[-0.0635,38.5767],[-0.0741,38.5886],[-0.08,38.5961]]]},"properties":{"GID_4":"ESP.10.1.7.10_1","GID_0":"ESP","COUNTRY":"Spain","GID_1":"ESP.10_1","NAME_1":"ComunidadValenciana","GID_2":"ESP.10.1_1","NAME_2":"Alicante","GID_3":"ESP.10.1.7_1","NAME_3":"MarinaBaixa","NAME_4":"ALFAS DEL PI (L')","VARNAME_4":"NA","TYPE_4":"Municipality","ENGTYPE_4":"Municipality","CC_4":"NA"}},{"type":"Feature","geometry":{"type":"Polygon","coordinates":[[[-0.3015,38.4821],[-0.1665,38.5272],[-0.2449,38.5628],[-0.2882,38.5298],[-0.3318,38.5163],[-0.3015,38.4821]]]},"properties":{"GID_4":"ESP.10.1.7.17_1","GID_0":"ESP","COUNTRY":"Spain","GID_1":"ESP.10_1","NAME_1":"ComunidadValenciana","GID_2":"ESP.10.1_1","NAME_2":"Alicante","GID_3":"ESP.10.1.7_1","NAME_3":"MarinaBaixa","NAME_4":"VILLAJOYOSA/VILA JOIOSA (LA)","VARNAME_4":"LaVilaJoiosa","TYPE_4":"Municipality","ENGTYPE_4":"Municipality","CC_4":"NA"}},{"type":"Feature","geometry":null,"properties":{"GID_4":"ESP.10.1.9.1_1","GID_0":"ESP","COUNTRY":"Spain","GID_1":"ESP.10_1","NAME_1":"ComunidadValenciana","GID_2":"ESP.10.1_1","NAME_2":"Alicante","GID_3":"ESP.10.1.9_1","NAME_3":"Vinalopo","NAME_4":"ALICANTE/ALACANT","VARNAME_4":"Alacant","TYPE_4":"Municipality","ENGTYPE_4":"Municipality","CC_4":"NA"}},{"type":"Feature","geometry":{"type":"Polygon","coordinates":[[[-0.6404,38.3448],[-0.6793,38.3312],[-0.735,38.3126],[-0.7817,38.2949],[-0.7727,38.2251],[-0.7518,38.1635],[-0.7157,38.1366],[-0.6975,38.136],[-0.6705,38.1436],[-0.6581,38.1391],[-0.6555,38.1284],[-0.6399,38.1284],[-0.6265,38.1543],[-0.6678,38.1672],[-0.6166,38.2045],[-0.5431,38.2467],[-0.5148,38.2262],[-0.5246,38.275],[-0.543,38.3065],[-0.568,38.3018],[-0.6404,38.3448]]]},"properties":{"GID_4":"ESP.10.1.9.3_1","GID_0":"ESP","COUNTRY":"Spain","GID_1":"ESP.10_1","NAME_1":"ComunidadValenciana","GID_2":"ESP.10.1_1","NAME_2":"Alicante","GID_3":"ESP.10.1.9_1","NAME_3":"Vinalopo","NAME_4":"ELCHE/ELX","VARNAME_4":"Elx","TYPE_4":"Municipality","ENGTYPE_4":"Municipality","CC_4":"NA"}},{"type":"Feature","geometry":{"type":"Polygon","coordinates":[[[-0.6265,38.1543],[-0.5951,38.189],[-0.5288,38.1896],[-0.5148,38.2262],[-0.5431,38.2467],[-0.6166,38.2045],[-0.6678,38.1672],[-0.6265,38.1543]]]},"properties":{"GID_4":"ESP.10.1.9.4_1","GID_0":"ESP","COUNTRY":"Spain","GID_1":"ESP.10_1","NAME_1":"ComunidadValenciana","GID_2":"ESP.10.1_1","NAME_2":"Alicante","GID_3":"ESP.10.1.9_1","NAME_3":"Vinalopo","NAME_4":"SANTA POLA","VARNAME_4":"NA","TYPE_4":"Municipality","ENGTYPE_4":"Municipality","CC_4":"NA"}},{"type":"Feature","geometry":{"type":"Polygon","coordinates":[[[-0.8742,38.4753],[-0.8074,38.4308],[-0.7828,38.4375],[-0.7829,38.4767],[-0.8063,38.5107],[-0.8557,38.5131],[-0.8742,38.4753]]]},"properties":{"GID_4":"ESP.10.1.8.3_1","GID_0":"ESP","COUNTRY":"Spain","GID_1":"ESP.10_1","NAME_1":"ComunidadValenciana","GID_2":"ESP.10.1_1","NAME_2":"Alicante","GID_3":"ESP.10.1.8_1","NAME_3":"VinalopoMitja","NAME_4":"ELDA","VARNAME_4":"NA","TYPE_4":"Municipality","ENGTYPE_4":"Municipality","CC_4":"NA"}},{"type":"Feature","geometry":{"type":"Polygon","coordinates":[[[-0.7275,38.3501],[-0.7403,38.384],[-0.7338,38.4425],[-0.7828,38.4375],[-0.8074,38.4308],[-0.8408,38.3965],[-0.8657,38.3887],[-0.8404,38.3614],[-0.822,38.3504],[-0.7722,38.3621],[-0.7275,38.3501]]]},"properties":{"GID_4":"ESP.10.1.8.9_1","GID_0":"ESP","COUNTRY":"Spain","GID_1":"ESP.10_1","NAME_1":"ComunidadValenciana","GID_2":"ESP.10.1_1","NAME_2":"Alicante","GID_3":"ESP.10.1.8_1","NAME_3":"VinalopoMitja","NAME_4":"NOVELDA","VARNAME_4":"NA","TYPE_4":"Municipality","ENGTYPE_4":"Municipality","CC_4":"NA"}},{"type":"Feature","geometry":{"type":"Polygon","coordinates":[[[0.438,40.5471],[0.4307,40.5797],[0.4243,40.5839],[0.3667,40.5232],[0.352,40.5144],[0.3691,40.4982],[0.3742,40.4899],[0.4215,40.4758],[0.454,40.4423],[0.5154,40.5229],[0.4988,40.5279],[0.438,40.5471]]]},"properties":{"GID_4":"ESP.10.2.5.18_1","GID_0":"ESP","COUNTRY":"Spain","GID_1":"ESP.10_1","NAME_1":"ComunidadValenciana","GID_2":"ESP.10.2_1","NAME_2":"Castellón","GID_3":"ESP.10.2.5_1","NAME_3":"BaixMaestrat","NAME_4":"VINAROS","VARNAME_4":"Vinaroz","TYPE_4":"Municipality","ENGTYPE_4":"Municipality","CC_4":"NA"}},{"type":"Feature","geometry":{"type":"Polygon","coordinates":[[[-0.0095,39.9107],[0.0024,39.9429],[-0.0692,39.9593],[-0.1337,39.989],[-0.1367,39.9831],[-0.1536,39.9712],[-0.0862,39.954],[-0.061,39.9329],[-0.0095,39.9107]]]},"properties":{"GID_4":"ESP.10.2.7.1_1","GID_0":"ESP","COUNTRY":"Spain","GID_1":"ESP.10_1","NAME_1":"ComunidadValenciana","GID_2":"ESP.10.2_1","NAME_2":"Castellón","GID_3":"ESP.10.2.7_1","NAME_3":"PlanaAlta","NAME_4":"ALMAZORA/ALMASSORA","VARNAME_4":"Almassora","TYPE_4":"Municipality","ENGTYPE_4":"Municipality","CC_4":"NA"}},{"type":"Feature","geometry":{"type":"Polygon","coordinates":[[[0.0901,40.0557],[0.0843,40.0827],[0.086,40.0835],[0.0351,40.0865],[0.0023,40.0704],[-0.0032,40.0644],[0.0157,40.0254],[0.0901,40.0557]]]},"properties":{"GID_4":"ESP.10.2.7.2_1","GID_0":"ESP","COUNTRY":"Spain","GID_1":"ESP.10_1","NAME_1":"ComunidadValenciana","GID_2":"ESP.10.2_1","NAME_2":"Castellón","GID_3":"ESP.10.2.7_1","NAME_3":"PlanaAlta","NAME_4":"BENICASIM/BENICASSIM","VARNAME_4":"Benicàssim","TYPE_4":"Municipality","ENGTYPE_4":"Municipality","CC_4":"NA"}},{"type":"Feature","geometry":{"type":"Polygon","coordinates":[[[-0.1579,40.0331],[-0.1611,40.0198],[-0.1346,39.987],[-0.1337,39.989],[-0.0692,39.9593],[0.0024,39.9429],[0.0343,40.0115],[0.0157,40.0254],[-0.0032,40.0644],[-0.0167,40.0481],[-0.0438,40.0282],[-0.121,40.0096],[-0.1579,40.0331]]]},"properties":{"GID_4":"ESP.10.2.7.6_1","GID_0":"ESP","COUNTRY":"Spain","GID_1":"ESP.10_1","NAME_1":"ComunidadValenciana","GID_2":"ESP.10.2_1","NAME_2":"Castellón","GID_3":"ESP.10.2.7_1","NAME_3":"PlanaAlta","NAME_4":"CASTELLON DE LA PLANA/CASTELLO DE LA PLANA","VARNAME_4":"CastellódelaPlana","TYPE_4":"Municipality","ENGTYPE_4":"Municipality","CC_4":"NA"}},{"type":"Feature","geometry":{"type":"Polygon","coordinates":[[[-0.3085,39.797],[-0.2765,39.7706],[-0.2188,39.7805],[-0.2066,39.7908],[-0.1814,39.7986],[-0.1712,39.8161],[-0.1723,39.832],[-0.2359,39.861],[-0.2428,39.8583],[-0.2534,39.8331],[-0.3085,39.797]]]},"properties":{"GID_4":"ESP.10.2.8.12_1","GID_0":"ESP","COUNTRY":"Spain","GID_1":"ESP.10_1","NAME_1":"ComunidadValenciana","GID_2":"ESP.10.2_1","NAME_2":"Castellón","GID_3":"ESP.10.2.8_1","NAME_3":"PlanaBaixa","NAME_4":"VALL D'UIXO (LA)","VARNAME_4":"ValldeUxó","TYPE_4":"Municipality","ENGTYPE_4":"Municipality","CC_4":"NA"}},{"type":"Feature","geometry":{"type":"Polygon","coordinates":[[[-0.2876,40.048],[-0.2847,40.0116],[-0.2813,40.0019],[-0.2983,39.9847],[-0.3128,39.9754],[-0.2608,39.926],[-0.2557,39.9301],[-0.2493,39.9264],[-0.2302,39.9265],[-0.21,39.9491],[-0.1749,39.938],[-0.1536,39.9712],[-0.1367,39.9831],[-0.1346,39.987],[-0.1611,40.0198],[-0.2106,40.0209],[-0.2837,40.0486],[-0.2876,40.048]]]},"properties":{"GID_4":"ESP.10.2.8.16_1","GID_0":"ESP","COUNTRY":"Spain","GID_1":"ESP.10_1","NAME_1":"ComunidadValenciana","GID_2":"ESP.10.2_1","NAME_2":"Castellón","GID_3":"ESP.10.2.8_1","NAME_3":"PlanaBaixa","NAME_4":"ONDA","VARNAME_4":"NA","TYPE_4":"Municipality","ENGTYPE_4":"Municipality","CC_4":"NA"}},{"type":"Feature","geometry":{"type":"Polygon","coordinates":[[[-0.1536,39.9712],[-0.1749,39.938],[-0.1708,39.9031],[-0.1685,39.8935],[-0.0963,39.904],[-0.061,39.9329],[-0.0862,39.954],[-0.1536,39.9712]]]},"properties":{"GID_4":"ESP.10.2.8.20_1","GID_0":"ESP","COUNTRY":"Spain","GID_1":"ESP.10_1","NAME_1":"ComunidadValenciana","GID_2":"ESP.10.2_1","NAME_2":"Castellón","GID_3":"ESP.10.2.8_1","NAME_3":"PlanaBaixa","NAME_4":"VILLARREAL/VILA-REAL","VARNAME_4":"Vila-real|VillarrealdelosInfa","TYPE_4":"Municipality","ENGTYPE_4":"Municipality","CC_4":"NA"}},{"type":"Feature","geometry":{"type":"Polygon","coordinates":[[[-0.3282,39.8015],[-0.3272,39.7922],[-0.3216,39.7759],[-0.3482,39.7483],[-0.3315,39.7296],[-0.3287,39.7285],[-0.3237,39.718],[-0.3257,39.6917],[-0.3255,39.6925],[-0.3119,39.6782],[-0.3319,39.6513],[-0.3624,39.6664],[-0.3793,39.6243],[-0.3533,39.6338],[-0.3432,39.6399],[-0.2957,39.6287],[-0.2684,39.6135],[-0.2185,39.6504],[-0.2375,39.6786],[-0.2026,39.6856],[-0.1888,39.7221],[-0.1955,39.7244],[-0.2341,39.7276],[-0.2454,39.7209],[-0.2559,39.7269],[-0.2609,39.7228],[-0.2881,39.7308],[-0.3109,39.7482],[-0.3089,39.7539],[-0.2736,39.7551],[-0.2765,39.7706],[-0.3085,39.797],[-0.316,39.7999],[-0.3282,39.8015]]]},"properties":{"GID_4":"ESP.10.3.1.14_1","GID_0":"ESP","COUNTRY":"Spain","GID_1":"ESP.10_1","NAME_1":"ComunidadValenciana","GID_2":"ESP.10.3_1","NAME_2":"Valencia","GID_3":"ESP.10.3.1_1","NAME_3":"CampdeMorvedre","NAME_4":"SAGUNTO/SAGUNT","VARNAME_4":"Sagunt","TYPE_4":"Municipality","ENGTYPE_4":"Municipality","CC_4":"NA"}},{"type":"Feature","geometry":{"type":"Polygon","coordinates":[[[-0.6523,39.7541],[-0.6985,39.7717],[-0.7003,39.7752],[-0.7414,39.7804],[-0.7945,39.7393],[-0.7932,39.7204],[-0.736,39.7362],[-0.6963,39.6885],[-0.7459,39.6668],[-0.7893,39.6982],[-0.7876,39.6606],[-0.7295,39.6534],[-0.7247,39.6547],[-0.6775,39.6219],[-0.6075,39.6033],[-0.5793,39.6069],[-0.5711,39.6036],[-0.5393,39.6518],[-0.5469,39.6633],[-0.5865,39.6797],[-0.575,39.7],[-0.5882,39.7417],[-0.6523,39.7541]]]},"properties":{"GID_4":"ESP.10.3.2.9_1","GID_0":"ESP","COUNTRY":"Spain","GID_1":"ESP.10_1","NAME_1":"ComunidadValenciana","GID_2":"ESP.10.3_1","NAME_2":"Valencia","GID_3":"ESP.10.3.2_1","NAME_3":"CampdeTúria","NAME_4":"LLIRIA","VARNAME_4":"Liria","TYPE_4":"Municipality","ENGTYPE_4":"Municipality","CC_4":"NA"}},{"type":"Feature","geometry":{"type":"Polygon","coordinates":[[[-0.5925,39.5667],[-0.6063,39.5178],[-0.5962,39.5],[-0.562,39.4843],[-0.5912,39.4784],[-0.5615,39.4707],[-0.5292,39.4708],[-0.5262,39.4809],[-0.5295,39.5072],[-0.5152,39.525],[-0.5184,39.5266],[-0.5167,39.5397],[-0.5145,39.5427],[-0.5208,39.5493],[-0.537,39.5562],[-0.5492,39.558],[-0.5602,39.5641],[-0.572,39.5658],[-0.5925,39.5667]]]},"properties":{"GID_4":"ESP.10.3.2.14_1","GID_0":"ESP","COUNTRY":"Spain","GID_1":"ESP.10_1","NAME_1":"ComunidadValenciana","GID_2":"ESP.10.3_1","NAME_2":"Valencia","GID_3":"ESP.10.3.2_1","NAME_3":"CampdeTúria","NAME_4":"RIBA-ROJA DE TURIA","VARNAME_4":"RibarrojadelTuria","TYPE_4":"Municipality","ENGTYPE_4":"Municipality","CC_4":"NA"}},{"type":"Feature","geometry":{"type":"MultiPolygon","coordinates":[[[[-0.4269,39.5623],[-0.4325,39.5612],[-0.4301,39.554],[-0.3994,39.5211],[-0.401,39.5107],[-0.3965,39.5083],[-0.4122,39.5014],[-0.4233,39.5073],[-0.426,39.488],[-0.4102,39.4814],[-0.418,39.4688],[-0.4315,39.4503],[-0.4208,39.4351],[-0.4028,39.4369],[-0.4019,39.428],[-0.3965,39.4288],[-0.391,39.427],[-0.3567,39.4196],[-0.3431,39.3709],[-0.3441,39.3658],[-0.3472,39.3699],[-0.3557,39.3649],[-0.361,39.3638],[-0.3988,39.3319],[-0.3944,39.3233],[-0.3754,39.3073],[-0.334,39.3173],[-0.3293,39.3133],[-0.2754,39.2793],[-0.3154,39.3587],[-0.3343,39.4235],[-0.3275,39.4845],[-0.36,39.5036],[-0.3665,39.5125],[-0.3704,39.5165],[-0.3739,39.5262],[-0.3776,39.5302],[-0.3844,39.5333],[-0.4269,39.5623]]],[[[-0.3558,39.5241],[-0.3534,39.5295],[-0.362,39.5324],[-0.3665,39.5237],[-0.3633,39.5223],[-0.3605,39.516],[-0.3513,39.5227],[-0.3558,39.5241]]]]},"properties":{"GID_4":"ESP.10.3.4.1_1","GID_0":"ESP","COUNTRY":"Spain","GID_1":"ESP.10_1","NAME_1":"ComunidadValenciana","GID_2":"ESP.10.3_1","NAME_2":"Valencia","GID_3":"ESP.10.3.4_1","NAME_3":"CiutatdeValencia","NAME_4":"VALENCIA","VARNAME_4":"València","TYPE_4":"Municipality","ENGTYPE_4":"Municipality","CC_4":"NA"}},{"type":"Feature","geometry":{"type":"MultiPolygon","coordinates":[[[[-0.4718,39.0217],[-0.4674,39.0235],[-0.4697,39.0287],[-0.4821,39.0404],[-0.511,39.0494],[-0.5258,39.0398],[-0.5493,39.0212],[-0.5526,39.0204],[-0.5466,39.0002],[-0.5549,38.9977],[-0.5537,38.9962],[-0.5518,38.9966],[-0.5531,38.9938],[-0.5462,38.9942],[-0.5503,38.9866],[-0.5512,38.9854],[-0.559,38.981],[-0.5642,38.9783],[-0.5728,38.9628],[-0.5721,38.9585],[-0.5526,38.9418],[-0.5305,38.9502],[-0.5286,38.9484],[-0.5097,38.9562],[-0.4902,38.9644],[-0.4954,38.9651],[-0.474,39.0007],[-0.4751,39.012],[-0.4694,39.019],[-0.4718,39.0217]]],[[[-0.6257,39.002],[-0.6448,38.9851],[-0.6437,38.9807],[-0.6288,38.9802],[-0.6049,38.9785],[-0.6026,38.9815],[-0.6145,38.9837],[-0.604,38.9853],[-0.6034,38.9893],[-0.5977,38.9896],[-0.5876,38.9911],[-0.5873,38.9877],[-0.5857,38.9902],[-0.5826,38.9921],[-0.5666,38.9892],[-0.564,38.9883],[-0.5622,38.9863],[-0.5603,38.9905],[-0.5633,38.9961],[-0.5603,38.9998],[-0.5891,39.0104],[-0.5904,39.0142],[-0.5947,39.015],[-0.604,39.0121],[-0.6257,39.002]]],[[[-0.5518,39.0411],[-0.5505,39.0472],[-0.5675,39.0415],[-0.5662,39.0266],[-0.5499,39.0232],[-0.5495,39.029],[-0.5517,39.0322],[-0.5518,39.0411]]],[[[-0.4074,39.0399],[-0.383,39.0384],[-0.3815,39.0574],[-0.4142,39.0681],[-0.4318,39.0714],[-0.4074,39.0399]]]]},"properties":{"GID_4":"ESP.10.3.5.19_1","GID_0":"ESP","COUNTRY":"Spain","GID_1":"ESP.10_1","NAME_1":"ComunidadValenciana","GID_2":"ESP.10.3_1","NAME_2":"Valencia","GID_3":"ESP.10.3.5_1","NAME_3":"Costera","NAME_4":"XATIVA","VARNAME_4":"Játiva","TYPE_4":"Municipality","ENGTYPE_4":"Municipality","CC_4":"NA"}},{"type":"Feature","geometry":{"type":"Polygon","coordinates":[[[-0.3513,39.5227],[-0.3348,39.5167],[-0.3193,39.5146],[-0.3146,39.5253],[-0.3304,39.5303],[-0.3459,39.5333],[-0.3506,39.5348],[-0.3558,39.5241],[-0.3513,39.5227]]]},"properties":{"GID_4":"ESP.10.3.7.14_1","GID_0":"ESP","COUNTRY":"Spain","GID_1":"ESP.10_1","NAME_1":"ComunidadValenciana","GID_2":"ESP.10.3_1","NAME_2":"Valencia","GID_3":"ESP.10.3.7_1","NAME_3":"HortaNord","NAME_4":"MELIANA","VARNAME_4":"NA","TYPE_4":"Municipality","ENGTYPE_4":"Municipality","CC_4":"NA"}},{"type":"Feature","geometry":{"type":"Polygon","coordinates":[[[-0.3798,39.5994],[-0.382,39.5804],[-0.3833,39.5759],[-0.3449,39.551],[-0.3277,39.5515],[-0.3265,39.5531],[-0.3285,39.5637],[-0.3405,39.568],[-0.3615,39.5967],[-0.3678,39.6001],[-0.3798,39.5994]]]},"properties":{"GID_4":"ESP.10.3.7.16_1","GID_0":"ESP","COUNTRY":"Spain","GID_1":"ESP.10_1","NAME_1":"ComunidadValenciana","GID_2":"ESP.10.3_1","NAME_2":"Valencia","GID_3":"ESP.10.3.7_1","NAME_3":"HortaNord","NAME_4":"MUSEROS","VARNAME_4":"NA","TYPE_4":"Municipality","ENGTYPE_4":"Municipality","CC_4":"NA"}},{"type":"Feature","geometry":{"type":"Polygon","coordinates":[[[-0.4301,39.554],[-0.4231,39.5404],[-0.3994,39.5211],[-0.4301,39.554]]]},"properties":{"GID_4":"ESP.10.3.7.20_1","GID_0":"ESP","COUNTRY":"Spain","GID_1":"ESP.10_1","NAME_1":"ComunidadValenciana","GID_2":"ESP.10.3_1","NAME_2":"Valencia","GID_3":"ESP.10.3.7_1","NAME_3":"HortaNord","NAME_4":"ROCAFORT","VARNAME_4":"RocafortdeCampolivar","TYPE_4":"Municipality","ENGTYPE_4":"Municipality","CC_4":"NA"}},{"type":"Feature","geometry":{"type":"MultiPolygon","coordinates":[[[[-0.3339,39.5392],[-0.3321,39.5459],[-0.3321,39.552],[-0.3382,39.5511],[-0.3339,39.5392]]],[[[-0.296,39.5497],[-0.2904,39.5571],[-0.3202,39.5614],[-0.296,39.5497]]]]},"properties":{"GID_4":"ESP.10.3.7.22_1","GID_0":"ESP","COUNTRY":"Spain","GID_1":"ESP.10_1","NAME_1":"ComunidadValenciana","GID_2":"ESP.10.3_1","NAME_2":"Valencia","GID_3":"ESP.10.3.7_1","NAME_3":"HortaNord","NAME_4":"VALENCIA","VARNAME_4":"València","TYPE_4":"Municipality","ENGTYPE_4":"Municipality","CC_4":"NA"}},{"type":"Feature","geometry":{"type":"Polygon","coordinates":[[[-0.5078,39.4446],[-0.4568,39.4494],[-0.4469,39.4525],[-0.4484,39.4556],[-0.4488,39.4599],[-0.463,39.4576],[-0.5078,39.4446]]]},"properties":{"GID_4":"ESP.10.3.8.1_1","GID_0":"ESP","COUNTRY":"Spain","GID_1":"ESP.10_1","NAME_1":"ComunidadValenciana","GID_2":"ESP.10.3_1","NAME_2":"Valencia","GID_3":"ESP.10.3.8_1","NAME_3":"HortaOest","NAME_4":"ALAQUAS","VARNAME_4":"Alacuás","TYPE_4":"Municipality","ENGTYPE_4":"Municipality","CC_4":"NA"}},{"type":"Feature","geometry":{"type":"Polygon","coordinates":[[[-0.5345,39.4437],[-0.5173,39.442],[-0.463,39.4576],[-0.4488,39.4599],[-0.4397,39.4643],[-0.4865,39.4741],[-0.5507,39.4493],[-0.5509,39.4479],[-0.5345,39.4437]]]},"properties":{"GID_4":"ESP.10.3.8.2_1","GID_0":"ESP","COUNTRY":"Spain","GID_1":"ESP.10_1","NAME_1":"ComunidadValenciana","GID_2":"ESP.10.3_1","NAME_2":"Valencia","GID_3":"ESP.10.3.8_1","NAME_3":"HortaOest","NAME_4":"ALDAIA","VARNAME_4":"Aldaya","TYPE_4":"Municipality","ENGTYPE_4":"Municipality","CC_4":"NA"}},{"type":"Feature","geometry":{"type":"Polygon","coordinates":[[[-0.4819,39.5651],[-0.4817,39.5629],[-0.4924,39.5436],[-0.5068,39.5523],[-0.5167,39.5397],[-0.5184,39.5266],[-0.5048,39.5209],[-0.4554,39.4983],[-0.4496,39.4917],[-0.426,39.488],[-0.4233,39.5073],[-0.4276,39.511],[-0.4187,39.5174],[-0.4499,39.5457],[-0.4819,39.5651]]]},"properties":{"GID_4":"ESP.10.3.8.5_1","GID_0":"ESP","COUNTRY":"Spain","GID_1":"ESP.10_1","NAME_1":"ComunidadValenciana","GID_2":"ESP.10.3_1","NAME_2":"Valencia","GID_3":"ESP.10.3.8_1","NAME_3":"HortaOest","NAME_4":"PATERNA","VARNAME_4":"NA","TYPE_4":"Municipality","ENGTYPE_4":"Municipality","CC_4":"NA"}},{"type":"Feature","geometry":{"type":"Polygon","coordinates":[[[-0.5525,39.4705],[-0.5507,39.4493],[-0.4865,39.4741],[-0.4397,39.4643],[-0.4333,39.467],[-0.422,39.486],[-0.426,39.488],[-0.4496,39.4917],[-0.4464,39.4881],[-0.5268,39.4845],[-0.5262,39.4809],[-0.5292,39.4708],[-0.5525,39.4705]]]},"properties":{"GID_4":"ESP.10.3.8.7_1","GID_0":"ESP","COUNTRY":"Spain","GID_1":"ESP.10_1","NAME_1":"ComunidadValenciana","GID_2":"ESP.10.3_1","NAME_2":"Valencia","GID_3":"ESP.10.3.8_1","NAME_3":"HortaOest","NAME_4":"QUART DE POBLET","VARNAME_4":"CuartdePoblet","TYPE_4":"Municipality","ENGTYPE_4":"Municipality","CC_4":"NA"}},{"type":"Feature","geometry":{"type":"Polygon","coordinates":[[[-0.6172,39.4442],[-0.6039,39.41],[-0.5993,39.4101],[-0.5906,39.3919],[-0.5365,39.3869],[-0.4658,39.3997],[-0.4507,39.4028],[-0.4349,39.4127],[-0.4568,39.4494],[-0.5078,39.4446],[-0.5173,39.442],[-0.5345,39.4437],[-0.5547,39.4288],[-0.5812,39.4302],[-0.6172,39.4442]]]},"properties":{"GID_4":"ESP.10.3.8.9_1","GID_0":"ESP","COUNTRY":"Spain","GID_1":"ESP.10_1","NAME_1":"ComunidadValenciana","GID_2":"ESP.10.3_1","NAME_2":"Valencia","GID_3":"ESP.10.3.8_1","NAME_3":"HortaOest","NAME_4":"TORRENT","VARNAME_4":"Torrente","TYPE_4":"Municipality","ENGTYPE_4":"Municipality","CC_4":"NA"}},{"type":"Feature","geometry":{"type":"Polygon","coordinates":[[[-0.418,39.4688],[-0.4216,39.4713],[-0.4488,39.4599],[-0.4484,39.4556],[-0.4462,39.449],[-0.4315,39.4503],[-0.418,39.4688]]]},"properties":{"GID_4":"ESP.10.3.8.10_1","GID_0":"ESP","COUNTRY":"Spain","GID_1":"ESP.10_1","NAME_1":"ComunidadValenciana","GID_2":"ESP.10.3_1","NAME_2":"Valencia","GID_3":"ESP.10.3.8_1","NAME_3":"HortaOest","NAME_4":"XIRIVELLA","VARNAME_4":"Chirivella","TYPE_4":"Municipality","ENGTYPE_4":"Municipality","CC_4":"NA"}},{"type":"Feature","geometry":{"type":"Polygon","coordinates":[[[-0.3567,39.4196],[-0.3805,39.4223],[-0.3826,39.4224],[-0.3873,39.4232],[-0.3871,39.4253],[-0.3965,39.4288],[-0.4019,39.428],[-0.4019,39.4269],[-0.4036,39.419],[-0.4034,39.416],[-0.3716,39.4088],[-0.3431,39.3709],[-0.3567,39.4196]]]},"properties":{"GID_4":"ESP.10.3.10.3_1","GID_0":"ESP","COUNTRY":"Spain","GID_1":"ESP.10_1","NAME_1":"ComunidadValenciana","GID_2":"ESP.10.3_1","NAME_2":"Valencia","GID_3":"ESP.10.3.10_1","NAME_3":"HortaSud","NAME_4":"ALFAFAR","VARNAME_4":"NA","TYPE_4":"Municipality","ENGTYPE_4":"Municipality","CC_4":"NA"}},{"type":"Feature","geometry":{"type":"Polygon","coordinates":[[[-0.3472,39.3699],[-0.3571,39.3787],[-0.3699,39.3983],[-0.3957,39.4039],[-0.4056,39.4129],[-0.421,39.4195],[-0.4263,39.4181],[-0.4507,39.4028],[-0.45,39.4009],[-0.4071,39.4018],[-0.3557,39.3649],[-0.3472,39.3699]]]},"properties":{"GID_4":"ESP.10.3.10.5_1","GID_0":"ESP","COUNTRY":"Spain","GID_1":"ESP.10_1","NAME_1":"ComunidadValenciana","GID_2":"ESP.10.3_1","NAME_2":"Valencia","GID_3":"ESP.10.3.10_1","NAME_3":"HortaSud","NAME_4":"CATARROJA","VARNAME_4":"NA","TYPE_4":"Municipality","ENGTYPE_4":"Municipality","CC_4":"NA"}},{"type":"Feature","geometry":{"type":"Polygon","coordinates":[[[-0.3579,39.3643],[-0.3781,39.3817],[-0.392,39.385],[-0.425,39.3763],[-0.4306,39.3648],[-0.4292,39.3304],[-0.4056,39.3257],[-0.3955,39.3263],[-0.3988,39.3319],[-0.361,39.3638],[-0.3579,39.3643]]]},"properties":{"GID_4":"ESP.10.3.10.11_1","GID_0":"ESP","COUNTRY":"Spain","GID_1":"ESP.10_1","NAME_1":"ComunidadValenciana","GID_2":"ESP.10.3_1","NAME_2":"Valencia","GID_3":"ESP.10.3.10_1","NAME_3":"HortaSud","NAME_4":"SILLA","VARNAME_4":"NA","TYPE_4":"Municipality","ENGTYPE_4":"Municipality","CC_4":"NA"}},{"type":"Feature","geometry":{"type":"Polygon","coordinates":[[[-0.2416,38.9633],[-0.219,38.9552],[-0.1826,38.9553],[-0.1714,38.9498],[-0.1662,38.9538],[-0.1505,38.9556],[-0.1491,38.9549],[-0.148,38.9586],[-0.1502,38.9563],[-0.1538,38.9604],[-0.159,38.9628],[-0.1471,38.9835],[-0.1879,39.0367],[-0.2013,39.0407],[-0.1818,39.0175],[-0.2375,38.9993],[-0.2523,38.9999],[-0.2685,39.0095],[-0.2826,38.9982],[-0.2933,38.9938],[-0.2924,38.9885],[-0.296,38.9668],[-0.2416,38.9633]]]},"properties":{"GID_4":"ESP.10.3.11.14_1","GID_0":"ESP","COUNTRY":"Spain","GID_1":"ESP.10_1","NAME_1":"ComunidadValenciana","GID_2":"ESP.10.3_1","NAME_2":"Valencia","GID_3":"ESP.10.3.11_1","NAME_3":"n.a.(221)","NAME_4":"GANDIA","VARNAME_4":"Gandía","TYPE_4":"Municipality","ENGTYPE_4":"Municipality","CC_4":"NA"}},{"type":"Feature","geometry":{"type":"MultiPolygon","coordinates":[[[[-0.3078,39.0948],[-0.3247,39.1119],[-0.3475,39.1273],[-0.381,39.1662],[-0.3965,39.1814],[-0.411,39.1861],[-0.4605,39.1808],[-0.4999,39.1605],[-0.4957,39.1513],[-0.5124,39.1443],[-0.4933,39.1497],[-0.487,39.1325],[-0.4815,39.133],[-0.4539,39.1365],[-0.3541,39.0895],[-0.3266,39.0689],[-0.3078,39.0948]]],[[[-0.5594,39.1347],[-0.5428,39.1379],[-0.5428,39.1429],[-0.54,39.1643],[-0.5944,39.1629],[-0.6263,39.1564],[-0.6459,39.1199],[-0.6454,39.1164],[-0.6353,39.1106],[-0.585,39.1196],[-0.5594,39.1347]]]]},"properties":{"GID_4":"ESP.10.3.13.6_1","GID_0":"ESP","COUNTRY":"Spain","GID_1":"ESP.10_1","NAME_1":"ComunidadValenciana","GID_2":"ESP.10.3_1","NAME_2":"Valencia","GID_3":"ESP.10.3.13_1","NAME_3":"RiberaAlta","NAME_4":"ALZIRA","VARNAME_4":"Alcira","TYPE_4":"Municipality","ENGTYPE_4":"Municipality","CC_4":"NA"}},{"type":"Feature","geometry":{"type":"Polygon","coordinates":[[[-0.5482,39.0488],[-0.544,39.0471],[-0.5446,39.0551],[-0.5547,39.0565],[-0.5482,39.0488]]]},"properties":{"GID_4":"ESP.10.3.13.36_1","GID_0":"ESP","COUNTRY":"Spain","GID_1":"ESP.10_1","NAME_1":"ComunidadValenciana","GID_2":"ESP.10.3_1","NAME_2":"Valencia","GID_3":"ESP.10.3.13_1","NAME_3":"RiberaAlta","NAME_4":"XATIVA","VARNAME_4":"Játiva","TYPE_4":"Municipality","ENGTYPE_4":"Municipality","CC_4":"NA"}},{"type":"Feature","geometry":{"type":"Polygon","coordinates":[[[-0.3329,39.3157],[-0.3577,39.2469],[-0.3558,39.2011],[-0.3467,39.2033],[-0.3338,39.1923],[-0.3243,39.1956],[-0.3073,39.1762],[-0.3107,39.1732],[-0.2978,39.1642],[-0.2756,39.2027],[-0.2449,39.2254],[-0.2754,39.2793],[-0.3293,39.3133],[-0.3329,39.3157]]]},"properties":{"GID_4":"ESP.10.3.14.12_1","GID_0":"ESP","COUNTRY":"Spain","GID_1":"ESP.10_1","NAME_1":"ComunidadValenciana","GID_2":"ESP.10.3_1","NAME_2":"Valencia","GID_3":"ESP.10.3.14_1","NAME_3":"RiberaBaixa","NAME_4":"SUECA","VARNAME_4":"NA","TYPE_4":"Municipality","ENGTYPE_4":"Municipality","CC_4":"NA"}},{"type":"Feature","geometry":{"type":"Polygon","coordinates":[[[-0.7171,38.7506],[-0.613,38.7894],[-0.5802,38.8009],[-0.5675,38.8017],[-0.5601,38.8042],[-0.585,38.8679],[-0.5988,38.8637],[-0.6491,38.8648],[-0.6715,38.8586],[-0.691,38.8487],[-0.7211,38.8368],[-0.7319,38.7563],[-0.7171,38.7506]]]},"properties":{"GID_4":"ESP.10.3.17.26_1","GID_0":"ESP","COUNTRY":"Spain","GID_1":"ESP.10_1","NAME_1":"ComunidadValenciana","GID_2":"ESP.10.3_1","NAME_2":"Valencia","GID_3":"ESP.10.3.17_1","NAME_3":"Valld'Albaida","NAME_4":"ONTINYENT","VARNAME_4":"Onteniente","TYPE_4":"Municipality","ENGTYPE_4":"Municipality","CC_4":"NA"}},{"type":"Feature","geometry":{"type":"Polygon","coordinates":[[[-6.79,39.1785],[-6.7876,39.1707],[-6.7681,39.1508],[-6.7646,39.1387],[-6.7644,39.1371],[-6.7449,39.1388],[-6.58,39.1195],[-6.5741,39.1584],[-6.6428,39.1665],[-6.6891,39.1783],[-6.7674,39.1884],[-6.79,39.1785]]]},"properties":{"GID_4":"ESP.11.1.1.2_1","GID_0":"ESP","COUNTRY":"Spain","GID_1":"ESP.11_1","NAME_1":"Extremadura","GID_2":"ESP.11.1_1","NAME_2":"Badajoz","GID_3":"ESP.11.1.1_1","NAME_3":"n.a.(39)","NAME_4":"BADAJOZ","VARNAME_4":"NA","TYPE_4":"Municipality","ENGTYPE_4":"Municipality","CC_4":"NA"}},{"type":"Feature","geometry":{"type":"Polygon","coordinates":[[[-6.9653,39.0424],[-6.9511,39.0236],[-6.9866,38.9763],[-7.0522,38.907],[-7.0329,38.8773],[-7.0686,38.8542],[-7.0964,38.816],[-7.1286,38.8138],[-7.159,38.7849],[-7.0953,38.7499],[-7.0717,38.7482],[-7.0224,38.6907],[-6.9926,38.7115],[-6.9358,38.6996],[-6.9195,38.65],[-6.9741,38.6193],[-6.9814,38.6166],[-7.0207,38.6385],[-7.0247,38.6314],[-6.9665,38.5892],[-6.9565,38.568],[-6.8662,38.5565],[-6.8799,38.5844],[-6.8494,38.6746],[-6.8061,38.6579],[-6.7493,38.6828],[-6.735,38.7073],[-6.716,38.7325],[-6.7075,38.7361],[-6.6974,38.7475],[-6.6606,38.76],[-6.6355,38.7659],[-6.6173,38.7655],[-6.5969,38.7557],[-6.5594,38.7905],[-6.5617,38.7933],[-6.5664,38.7939],[-6.6648,38.8368],[-6.6667,38.8389],[-6.6807,38.8281],[-6.7568,38.8263],[-6.7645,38.8427],[-6.8233,38.8506],[-6.8065,38.8779],[-6.7906,38.9112],[-6.8038,38.9318],[-6.7377,38.9475],[-6.7246,38.916],[-6.728,38.9102],[-6.6622,38.9027],[-6.6455,38.9017],[-6.6434,38.9148],[-6.6355,38.9582],[-6.6528,38.9751],[-6.654,39.0234],[-6.6371,39.0453],[-6.7212,39.0573],[-6.747,39.0756],[-6.7344,39.1222],[-6.7449,39.1388],[-6.7644,39.1371],[-6.7648,39.1336],[-6.8082,39.0601],[-6.8468,39.0558],[-6.8854,39.0842],[-6.8909,39.1072],[-6.9032,39.0523],[-6.9653,39.0424]],[[-6.8398,38.7148],[-6.783,38.735],[-6.7568,38.7155],[-6.7802,38.6931],[-6.8315,38.6934],[-6.8398,38.7148]]]},"properties":{"GID_4":"ESP.11.1.5.2_1","GID_0":"ESP","COUNTRY":"Spain","GID_1":"ESP.11_1","NAME_1":"Extremadura","GID_2":"ESP.11.1_1","NAME_2":"Badajoz","GID_3":"ESP.11.1.5_1","NAME_3":"n.a.(43)","NAME_4":"BADAJOZ","VARNAME_4":"NA","TYPE_4":"Municipality","ENGTYPE_4":"Municipality","CC_4":"NA"}},{"type":"Feature","geometry":{"type":"MultiPolygon","coordinates":[[[[-6.2566,38.8577],[-6.2385,38.8429],[-6.2301,38.8404],[-6.2287,38.8414],[-6.2271,38.8559],[-6.2306,38.8634],[-6.2439,38.8607],[-6.2569,38.8621],[-6.2566,38.8577]]],[[[-6.5043,38.9462],[-6.5177,38.9593],[-6.5225,38.9309],[-6.5043,38.9462]]],[[[-6.5741,39.1584],[-6.58,39.1195],[-6.5846,39.0858],[-6.6371,39.0453],[-6.654,39.0234],[-6.6528,38.9751],[-6.6457,38.9694],[-6.6007,38.9678],[-6.6027,39.0347],[-6.5662,39.014],[-6.5247,39.0155],[-6.5229,38.9652],[-6.5013,38.9553],[-6.453,38.9608],[-6.4148,38.9744],[-6.4169,38.9359],[-6.4561,38.9323],[-6.4472,38.9208],[-6.511,38.9037],[-6.5119,38.8963],[-6.5315,38.8879],[-6.5687,38.8677],[-6.5503,38.8253],[-6.5664,38.7939],[-6.5617,38.7933],[-6.5551,38.7863],[-6.5175,38.7269],[-6.4778,38.7574],[-6.4149,38.7701],[-6.371,38.7658],[-6.4098,38.792],[-6.3844,38.8207],[-6.3367,38.7956],[-6.3319,38.7998],[-6.296,38.8438],[-6.3257,38.8752],[-6.2785,38.8895],[-6.2606,38.9341],[-6.2078,38.946],[-6.2133,38.9666],[-6.1517,38.9903],[-6.1405,39.0297],[-6.1462,39.0424],[-6.1678,39.0589],[-6.203,39.0565],[-6.2307,39.0898],[-6.2952,39.0982],[-6.3122,39.1325],[-6.32,39.1182],[-6.341,39.1167],[-6.3653,39.1162],[-6.3937,39.1364],[-6.3993,39.1362],[-6.4002,39.1279],[-6.4196,39.1131],[-6.4606,39.1163],[-6.4716,39.1567],[-6.4577,39.1741],[-6.4692,39.1733],[-6.5359,39.176],[-6.5741,39.1584]],[[-6.366,39.0513],[-6.3489,39.076],[-6.3085,39.074],[-6.2794,39.0324],[-6.226,39.0016],[-6.2471,38.9873],[-6.3039,38.9881],[-6.3162,39.0055],[-6.339,39.036],[-6.366,39.0513]],[[-6.4231,38.851],[-6.3895,38.8316],[-6.4211,38.8105],[-6.4575,38.8063],[-6.5006,38.8257],[-6.4943,38.8695],[-6.4553,38.879],[-6.4231,38.851]],[[-6.4818,39.0927],[-6.4805,39.0391],[-6.5397,39.0412],[-6.5585,39.0779],[-6.5162,39.1098],[-6.4818,39.0927]],[[-6.225,38.9778],[-6.2233,38.97],[-6.2508,38.9334],[-6.2835,38.9604],[-6.2555,38.9816],[-6.225,38.9778]]],[[[-6.3986,39.1658],[-6.401,39.1507],[-6.3938,39.1396],[-6.3759,39.1632],[-6.3969,39.1667],[-6.3986,39.1658]]]]},"properties":{"GID_4":"ESP.11.1.6.14_1","GID_0":"ESP","COUNTRY":"Spain","GID_1":"ESP.11_1","NAME_1":"Extremadura","GID_2":"ESP.11.1_1","NAME_2":"Badajoz","GID_3":"ESP.11.1.6_1","NAME_3":"n.a.(44)","NAME_4":"MERIDA","VARNAME_4":"NA","TYPE_4":"Municipality","ENGTYPE_4":"Municipality","CC_4":"NA"}},{"type":"Feature","geometry":{"type":"Polygon","coordinates":[[[-6.2325,39.9935],[-6.2651,39.933],[-6.271,39.9171],[-6.3052,39.8786],[-6.2967,39.87],[-6.243,39.9189],[-6.1734,39.9611],[-6.1062,39.9861],[-6.0665,40.0151],[-6.0405,40.0145],[-5.9801,40.0647],[-5.9799,40.0691],[-5.9765,40.0705],[-6.0008,40.0852],[-6.0327,40.0957],[-6.0893,40.0821],[-6.119,40.0561],[-6.1617,40.0903],[-6.1829,40.0901],[-6.1932,40.0762],[-6.195,40.0681],[-6.19,40.0455],[-6.2235,40.0076],[-6.2325,39.9935]]]},"properties":{"GID_4":"ESP.11.2.4.22_1","GID_0":"ESP","COUNTRY":"Spain","GID_1":"ESP.11_1","NAME_1":"Extremadura","GID_2":"ESP.11.2_1","NAME_2":"Cáceres","GID_3":"ESP.11.2.4_1","NAME_3":"n.a.(72)","NAME_4":"PLASENCIA","VARNAME_4":"NA","TYPE_4":"Municipality","ENGTYPE_4":"Municipality","CC_4":"NA"}},{"type":"Feature","geometry":{"type":"Polygon","coordinates":[[[-6.5557,40.013],[-6.5812,39.9933],[-6.5966,39.9801],[-6.5979,39.976],[-6.6012,39.9567],[-6.5998,39.9581],[-6.5548,39.9582],[-6.5209,39.9281],[-6.4912,39.9535],[-6.4434,39.9639],[-6.3998,39.9599],[-6.4309,39.9816],[-6.4234,40.0075],[-6.4388,40.0091],[-6.4486,39.9965],[-6.4593,39.9984],[-6.4837,40.0285],[-6.5557,40.013]]]},"properties":{"GID_4":"ESP.11.2.5.8_1","GID_0":"ESP","COUNTRY":"Spain","GID_1":"ESP.11_1","NAME_1":"Extremadura","GID_2":"ESP.11.2_1","NAME_2":"Cáceres","GID_3":"ESP.11.2.5_1","NAME_3":"n.a.(73)","NAME_4":"CORIA","VARNAME_4":"NA","TYPE_4":"Municipality","ENGTYPE_4":"Municipality","CC_4":"NA"}},{"type":"Feature","geometry":{"type":"Polygon","coordinates":[[[-6.142,39.0316],[-6.1251,39.05],[-6.1315,39.1068],[-6.095,39.12],[-6.0788,39.1871],[-6.086,39.1946],[-6.089,39.204],[-6.1135,39.1902],[-6.1926,39.1962],[-6.1893,39.1945],[-6.1722,39.1383],[-6.2117,39.1323],[-6.2157,39.1086],[-6.1704,39.0706],[-6.1678,39.0589],[-6.1462,39.0424],[-6.142,39.0316]]]},"properties":{"GID_4":"ESP.11.2.6.9_1","GID_0":"ESP","COUNTRY":"Spain","GID_1":"ESP.11_1","NAME_1":"Extremadura","GID_2":"ESP.11.2_1","NAME_2":"Cáceres","GID_3":"ESP.11.2.6_1","NAME_3":"n.a.(74)","NAME_4":"CACERES","VARNAME_4":"NA","TYPE_4":"Municipality","ENGTYPE_4":"Municipality","CC_4":"NA"}},{"type":"Feature","geometry":{"type":"Polygon","coordinates":[[[-8.5642,42.8449],[-8.5247,42.827],[-8.5229,42.826],[-8.5082,42.8285],[-8.4858,42.8247],[-8.473,42.868],[-8.4397,42.8804],[-8.4189,42.8839],[-8.4186,42.9307],[-8.3895,42.9711],[-8.4605,42.9729],[-8.4751,42.9794],[-8.523,42.9814],[-8.5241,42.9489],[-8.5925,42.9792],[-8.6306,42.9496],[-8.6182,42.9171],[-8.6302,42.8761],[-8.5642,42.8449]]]},"properties":{"GID_4":"ESP.12.1.1.28_1","GID_0":"ESP","COUNTRY":"Spain","GID_1":"ESP.12_1","NAME_1":"Galicia","GID_2":"ESP.12.1_1","NAME_2":"ACoruña","GID_3":"ESP.12.1.1_1","NAME_3":"n.a.(145)","NAME_4":"SANTIAGO DE COMPOSTELA","VARNAME_4":"NA","TYPE_4":"Municipality","ENGTYPE_4":"Municipality","CC_4":"NA"}},{"type":"Feature","geometry":{"type":"Polygon","coordinates":[[[-8.467,43.3538],[-8.4559,43.3235],[-8.4149,43.3012],[-8.3796,43.3293],[-8.3996,43.3904],[-8.4582,43.3721],[-8.467,43.3538]]]},"properties":{"GID_4":"ESP.12.1.2.1_1","GID_0":"ESP","COUNTRY":"Spain","GID_1":"ESP.12_1","NAME_1":"Galicia","GID_2":"ESP.12.1_1","NAME_2":"ACoruña","GID_3":"ESP.12.1.2_1","NAME_3":"n.a.(146)","NAME_4":"CORUÑA (A)","VARNAME_4":"NA","TYPE_4":"Municipality","ENGTYPE_4":"Municipality","CC_4":"NA"}},{"type":"Feature","geometry":{"type":"Polygon","coordinates":[[[-7.4308,43.0677],[-7.4605,43.0946],[-7.4906,43.0985],[-7.5294,43.0746],[-7.5681,43.0799],[-7.606,43.0536],[-7.6809,43.053],[-7.6807,43.0243],[-7.7115,43.013],[-7.7351,42.973],[-7.7226,42.9534],[-7.6481,42.9505],[-7.5981,42.918],[-7.5262,42.9031],[-7.5272,42.9085],[-7.4556,43.0066],[-7.4227,43.0008],[-7.4081,43.0246],[-7.438,43.0585],[-7.4308,43.0677]]]},"properties":{"GID_4":"ESP.12.2.2.6_1","GID_0":"ESP","COUNTRY":"Spain","GID_1":"ESP.12_1","NAME_1":"Galicia","GID_2":"ESP.12.2_1","NAME_2":"Lugo","GID_3":"ESP.12.2.2_1","NAME_3":"n.a.(170)","NAME_4":"LUGO","VARNAME_4":"NA","TYPE_4":"Municipality","ENGTYPE_4":"Municipality","CC_4":"NA"}},{"type":"Feature","geometry":{"type":"Polygon","coordinates":[[[-7.4418,42.8408],[-7.5069,42.8005],[-7.5324,42.7717],[-7.514,42.7477],[-7.5439,42.7261],[-7.5122,42.7067],[-7.4716,42.7154],[-7.4257,42.7],[-7.3733,42.699],[-7.3811,42.7434],[-7.3289,42.7734],[-7.3271,42.7953],[-7.3597,42.8282],[-7.4418,42.8408]]]},"properties":{"GID_4":"ESP.12.2.2.17_1","GID_0":"ESP","COUNTRY":"Spain","GID_1":"ESP.12_1","NAME_1":"Galicia","GID_2":"ESP.12.2_1","NAME_2":"Lugo","GID_3":"ESP.12.2.2_1","NAME_3":"n.a.(170)","NAME_4":"SARRIA","VARNAME_4":"NA","TYPE_4":"Municipality","ENGTYPE_4":"Municipality","CC_4":"NA"}},{"type":"Feature","geometry":{"type":"Polygon","coordinates":[[[-7.9932,42.3665],[-7.9969,42.3605],[-8.0033,42.3447],[-7.9782,42.3376],[-7.933,42.3409],[-7.8875,42.3406],[-7.8765,42.3225],[-7.8707,42.3171],[-7.8605,42.2895],[-7.8058,42.3138],[-7.8338,42.3743],[-7.8708,42.3947],[-7.9147,42.3973],[-7.9932,42.3665]]]},"properties":{"GID_4":"ESP.12.3.1.28_1","GID_0":"ESP","COUNTRY":"Spain","GID_1":"ESP.12_1","NAME_1":"Galicia","GID_2":"ESP.12.3_1","NAME_2":"Ourense","GID_3":"ESP.12.3.1_1","NAME_3":"n.a.(197)","NAME_4":"OURENSE","VARNAME_4":"Orense","TYPE_4":"Municipality","ENGTYPE_4":"Municipality","CC_4":"NA"}},{"type":"Feature","geometry":{"type":"Polygon","coordinates":[[[-8.5969,42.5126],[-8.659,42.4949],[-8.6923,42.4736],[-8.6533,42.4374],[-8.6925,42.399],[-8.6676,42.3776],[-8.6292,42.3951],[-8.6158,42.35],[-8.5939,42.3446],[-8.5694,42.3703],[-8.5776,42.3763],[-8.595,42.3941],[-8.5549,42.4304],[-8.5778,42.4474],[-8.5692,42.4871],[-8.5969,42.5126]]]},"properties":{"GID_4":"ESP.12.4.3.21_1","GID_0":"ESP","COUNTRY":"Spain","GID_1":"ESP.12_1","NAME_1":"Galicia","GID_2":"ESP.12.4_1","NAME_2":"Pontevedra","GID_3":"ESP.12.4.3_1","NAME_3":"n.a.(209)","NAME_4":"PONTEVEDRA","VARNAME_4":"NA","TYPE_4":"Municipality","ENGTYPE_4":"Municipality","CC_4":"NA"}},{"type":"Feature","geometry":{"type":"Polygon","coordinates":[[[-8.6999,42.1455],[-8.6994,42.1354],[-8.6967,42.1324],[-8.6816,42.1478],[-8.6662,42.2058],[-8.6269,42.2308],[-8.678,42.2618],[-8.7782,42.219],[-8.8132,42.1913],[-8.8156,42.1644],[-8.7524,42.173],[-8.726,42.1621],[-8.6999,42.1455]]]},"properties":{"GID_4":"ESP.12.4.3.28_1","GID_0":"ESP","COUNTRY":"Spain","GID_1":"ESP.12_1","NAME_1":"Galicia","GID_2":"ESP.12.4_1","NAME_2":"Pontevedra","GID_3":"ESP.12.4.3_1","NAME_3":"n.a.(209)","NAME_4":"VIGO","VARNAME_4":"NA","TYPE_4":"Municipality","ENGTYPE_4":"Municipality","CC_4":"NA"}},{"type":"Feature","geometry":{"type":"Polygon","coordinates":[[[1.411,38.8918],[1.4641,38.9167],[1.4034,38.9264],[1.387,38.9287],[1.3903,38.9174],[1.4077,38.9073],[1.411,38.8918]]]},"properties":{"GID_4":"ESP.13.1.2.1_1","GID_0":"ESP","COUNTRY":"Spain","GID_1":"ESP.13_1","NAME_1":"IslasBaleares","GID_2":"ESP.13.1_1","NAME_2":"Baleares","GID_3":"ESP.13.1.2_1","NAME_3":"n.a.(52)","NAME_4":"EIVISSA","VARNAME_4":"Ibiza","TYPE_4":"Municipality","ENGTYPE_4":"Municipality","CC_4":"NA"}},{"type":"Feature","geometry":{"type":"Polygon","coordinates":[[[1.4641,38.9167],[1.5293,38.9454],[1.5312,38.9796],[1.5821,38.989],[1.5843,39.0157],[1.6151,39.024],[1.5896,39.068],[1.516,39.0509],[1.5013,39.0047],[1.4725,38.9936],[1.4404,39.027],[1.4135,39.0302],[1.3868,38.9914],[1.4224,38.979],[1.4281,38.9451],[1.4034,38.9264],[1.4641,38.9167]]]},"properties":{"GID_4":"ESP.13.1.2.6_1","GID_0":"ESP","COUNTRY":"Spain","GID_1":"ESP.13_1","NAME_1":"IslasBaleares","GID_2":"ESP.13.1_1","NAME_2":"Baleares","GID_3":"ESP.13.1.2_1","NAME_3":"n.a.(52)","NAME_4":"SANTA EULALIA DEL RIO","VARNAME_4":"SantaEulàriadesRiu","TYPE_4":"Municipality","ENGTYPE_4":"Municipality","CC_4":"NA"}},{"type":"Feature","geometry":{"type":"MultiPolygon","coordinates":[[[[4.2749,39.8849],[4.2772,39.884],[4.2782,39.8863],[4.2749,39.8849]]],[[[4.2072,39.9893],[4.2133,39.9773],[4.1956,39.9643],[4.2044,39.9143],[4.1695,39.8768],[4.1585,39.8537],[4.205,39.8327],[4.2325,39.8649],[4.2572,39.8617],[4.2651,39.8722],[4.2725,39.8781],[4.2993,39.9001],[4.2749,39.9332],[4.2507,40.0026],[4.2072,39.9893]]]]},"properties":{"GID_4":"ESP.13.1.3.3_1","GID_0":"ESP","COUNTRY":"Spain","GID_1":"ESP.13_1","NAME_1":"IslasBaleares","GID_2":"ESP.13.1_1","NAME_2":"Baleares","GID_3":"ESP.13.1.3_1","NAME_3":"n.a.(53)","NAME_4":"MAHON","VARNAME_4":"Maó","TYPE_4":"Municipality","ENGTYPE_4":"Municipality","CC_4":"NA"}},{"type":"Feature","geometry":{"type":"Polygon","coordinates":[[[3.3732,39.5661],[3.3271,39.5815],[3.2781,39.5799],[3.2416,39.6339],[3.2447,39.6758],[3.2098,39.6788],[3.1575,39.627],[3.1556,39.575],[3.1583,39.5459],[3.125,39.5291],[3.1933,39.5007],[3.2058,39.463],[3.2776,39.4386],[3.301,39.5035],[3.3732,39.5661]]]},"properties":{"GID_4":"ESP.13.1.4.3_1","GID_0":"ESP","COUNTRY":"Spain","GID_1":"ESP.13_1","NAME_1":"IslasBaleares","GID_2":"ESP.13.1_1","NAME_2":"Baleares","GID_3":"ESP.13.1.4_1","NAME_3":"n.a.(54)","NAME_4":"MANACOR","VARNAME_4":"NA","TYPE_4":"Municipality","ENGTYPE_4":"Municipality","CC_4":"NA"}},{"type":"Feature","geometry":null,"properties":{"GID_4":"ESP.13.1.6.3_1","GID_0":"ESP","COUNTRY":"Spain","GID_1":"ESP.13_1","NAME_1":"IslasBaleares","GID_2":"ESP.13.1_1","NAME_2":"Baleares","GID_3":"ESP.13.1.6_1","NAME_3":"n.a.(56)","NAME_4":"PALMA DE MALLORCA","VARNAME_4":"Palma","TYPE_4":"Municipality","ENGTYPE_4":"Municipality","CC_4":"NA"}},{"type":"Feature","geometry":{"type":"Polygon","coordinates":[[[2.433,39.5423],[2.4668,39.5221],[2.4623,39.4987],[2.5004,39.4607],[2.5338,39.486],[2.5368,39.5196],[2.5988,39.548],[2.5639,39.5909],[2.5926,39.6074],[2.5081,39.5914],[2.489,39.6331],[2.4523,39.6326],[2.446,39.6227],[2.4584,39.5841],[2.433,39.5423]]]},"properties":{"GID_4":"ESP.13.1.7.4_1","GID_0":"ESP","COUNTRY":"Spain","GID_1":"ESP.13_1","NAME_1":"IslasBaleares","GID_2":"ESP.13.1_1","NAME_2":"Baleares","GID_3":"ESP.13.1.7_1","NAME_3":"n.a.(57)","NAME_4":"CALVIA","VARNAME_4":"Calviá","TYPE_4":"Municipality","ENGTYPE_4":"Municipality","CC_4":"NA"}},{"type":"Feature","geometry":{"type":"Polygon","coordinates":[[[2.8308,39.5511],[2.8473,39.5786],[2.8397,39.5944],[2.8087,39.6105],[2.8,39.6132],[2.6959,39.5862],[2.6675,39.6332],[2.7011,39.6494],[2.6615,39.6576],[2.6429,39.6526],[2.5886,39.6518],[2.5728,39.6299],[2.5711,39.6294],[2.5926,39.6074],[2.5639,39.5909],[2.5988,39.548],[2.6446,39.5649],[2.7282,39.5304],[2.7513,39.5009],[2.8308,39.5511]]]},"properties":{"GID_4":"ESP.13.1.8.1_1","GID_0":"ESP","COUNTRY":"Spain","GID_1":"ESP.13_1","NAME_1":"IslasBaleares","GID_2":"ESP.13.1_1","NAME_2":"Baleares","GID_3":"ESP.13.1.8_1","NAME_3":"n.a.(58)","NAME_4":"PALMA DE MALLORCA","VARNAME_4":"Palma","TYPE_4":"Municipality","ENGTYPE_4":"Municipality","CC_4":"NA"}},{"type":"Feature","geometry":{"type":"Polygon","coordinates":[[[2.991,39.7373],[2.9621,39.75],[2.8862,39.7238],[2.8843,39.6928],[2.9094,39.6826],[2.9459,39.6739],[2.9753,39.6783],[2.9846,39.6886],[2.9916,39.7233],[3.0021,39.7298],[2.9874,39.7346],[2.991,39.7373]]]},"properties":{"GID_4":"ESP.13.1.9.9_1","GID_0":"ESP","COUNTRY":"Spain","GID_1":"ESP.13_1","NAME_1":"IslasBaleares","GID_2":"ESP.13.1_1","NAME_2":"Baleares","GID_3":"ESP.13.1.9_1","NAME_3":"n.a.(59)","NAME_4":"INCA","VARNAME_4":"NA","TYPE_4":"Municipality","ENGTYPE_4":"Municipality","CC_4":"NA"}},{"type":"Feature","geometry":{"type":"Polygon","coordinates":[[[-15.3868,27.9005],[-15.4455,27.9066],[-15.469,27.9321],[-15.5431,27.9483],[-15.5217,27.9334],[-15.5075,27.8768],[-15.4252,27.8597],[-15.4084,27.8471],[-15.3849,27.8571],[-15.3868,27.9005]]]},"properties":{"GID_4":"ESP.14.1.1.2_1","GID_0":"ESP","COUNTRY":"Spain","GID_1":"ESP.14_1","NAME_1":"IslasCanarias","GID_2":"ESP.14.1_1","NAME_2":"LasPalmas","GID_3":"ESP.14.1.1_1","NAME_3":"n.a.(144)","NAME_4":"AGUIMES","VARNAME_4":"NA","TYPE_4":"Municipality","ENGTYPE_4":"Municipality","CC_4":"NA"}},{"type":"Feature","geometry":{"type":"Polygon","coordinates":[[[-13.5236,28.9751],[-13.5479,29.0109],[-13.5676,29.0052],[-13.581,29.0063],[-13.5715,28.9535],[-13.5236,28.9751]]]},"properties":{"GID_4":"ESP.14.1.1.4_1","GID_0":"ESP","COUNTRY":"Spain","GID_1":"ESP.14_1","NAME_1":"IslasCanarias","GID_2":"ESP.14.1_1","NAME_2":"LasPalmas","GID_3":"ESP.14.1.1_1","NAME_3":"n.a.(144)","NAME_4":"ARRECIFE","VARNAME_4":"NA","TYPE_4":"Municipality","ENGTYPE_4":"Municipality","CC_4":"NA"}},{"type":"Feature","geometry":{"type":"Polygon","coordinates":[[[-15.6705,28.048],[-15.6642,28.0439],[-15.6157,28.0201],[-15.6184,28.0375],[-15.6371,28.0655],[-15.6414,28.15],[-15.6512,28.1663],[-15.6965,28.1513],[-15.7067,28.1163],[-15.6647,28.0878],[-15.6705,28.048]]]},"properties":{"GID_4":"ESP.14.1.1.9_1","GID_0":"ESP","COUNTRY":"Spain","GID_1":"ESP.14_1","NAME_1":"IslasCanarias","GID_2":"ESP.14.1_1","NAME_2":"LasPalmas","GID_3":"ESP.14.1.1_1","NAME_3":"n.a.(144)","NAME_4":"GALDAR","VARNAME_4":"NA","TYPE_4":"Municipality","ENGTYPE_4":"Municipality","CC_4":"NA"}},{"type":"Feature","geometry":{"type":"Polygon","coordinates":[[[-15.4983,28.1026],[-15.5031,28.0983],[-15.5081,28.0464],[-15.4772,28.0572],[-15.4567,28.0243],[-15.4491,28.0242],[-15.3924,28.0313],[-15.4201,28.0618],[-15.4107,28.1035],[-15.4804,28.1374],[-15.491,28.1205],[-15.4983,28.1026]]]},"properties":{"GID_4":"ESP.14.1.1.13_1","GID_0":"ESP","COUNTRY":"Spain","GID_1":"ESP.14_1","NAME_1":"IslasCanarias","GID_2":"ESP.14.1_1","NAME_2":"LasPalmas","GID_3":"ESP.14.1.1_1","NAME_3":"n.a.(144)","NAME_4":"PALMAS DE GRAN CANARIA (LAS)","VARNAME_4":"NA","TYPE_4":"Municipality","ENGTYPE_4":"Municipality","CC_4":"NA"}},{"type":"Feature","geometry":{"type":"Polygon","coordinates":[[[-14.13,28.4039],[-14.155,28.405],[-14.164,28.3674],[-14.2051,28.3282],[-14.209,28.2599],[-14.2243,28.2135],[-14.3049,28.1513],[-14.3999,28.1082],[-14.4499,28.101],[-14.4915,28.1113],[-14.4932,28.084],[-14.3624,28.0474],[-14.3257,28.0476],[-14.2735,28.0974],[-14.2235,28.1626],[-14.1253,28.1904],[-14.1358,28.2012],[-14.1312,28.2896],[-14.0535,28.3504],[-14.055,28.3764],[-14.118,28.3876],[-14.13,28.4039]]]},"properties":{"GID_4":"ESP.14.1.1.16_1","GID_0":"ESP","COUNTRY":"Spain","GID_1":"ESP.14_1","NAME_1":"IslasCanarias","GID_2":"ESP.14.1_1","NAME_2":"LasPalmas","GID_3":"ESP.14.1.1_1","NAME_3":"n.a.(144)","NAME_4":"PAJARA","VARNAME_4":"NA","TYPE_4":"Municipality","ENGTYPE_4":"Municipality","CC_4":"NA"}},{"type":"Feature","geometry":{"type":"Polygon","coordinates":[[[-13.8585,28.4303],[-13.8621,28.494],[-13.8421,28.5032],[-13.8221,28.593],[-13.91,28.5891],[-13.9799,28.5688],[-14.0201,28.5693],[-14.044,28.5796],[-14.0668,28.5518],[-14.0907,28.496],[-14.0395,28.4892],[-14.0132,28.4491],[-13.941,28.4515],[-13.8988,28.4328],[-13.8585,28.4303]]]},"properties":{"GID_4":"ESP.14.1.1.17_1","GID_0":"ESP","COUNTRY":"Spain","GID_1":"ESP.14_1","NAME_1":"IslasCanarias","GID_2":"ESP.14.1_1","NAME_2":"LasPalmas","GID_3":"ESP.14.1.1_1","NAME_3":"n.a.(144)","NAME_4":"PUERTO DEL ROSARIO","VARNAME_4":"NA","TYPE_4":"Municipality","ENGTYPE_4":"Municipality","CC_4":"NA"}},{"type":"Feature","geometry":{"type":"Polygon","coordinates":[[[-15.5615,27.7617],[-15.4951,27.7896],[-15.4268,27.8051],[-15.4765,27.8497],[-15.5286,27.855],[-15.5516,27.8951],[-15.5431,27.9483],[-15.5542,27.9529],[-15.5716,27.9605],[-15.6287,27.9482],[-15.6633,27.9106],[-15.6717,27.8713],[-15.6592,27.8344],[-15.6709,27.7592],[-15.6001,27.734],[-15.569,27.7368],[-15.5615,27.7617]]]},"properties":{"GID_4":"ESP.14.1.1.19_1","GID_0":"ESP","COUNTRY":"Spain","GID_1":"ESP.14_1","NAME_1":"IslasCanarias","GID_2":"ESP.14.1_1","NAME_2":"LasPalmas","GID_3":"ESP.14.1.1_1","NAME_3":"n.a.(144)","NAME_4":"SAN BARTOLOME DE TIRAJANA","VARNAME_4":"NA","TYPE_4":"Municipality","ENGTYPE_4":"Municipality","CC_4":"NA"}},{"type":"Feature","geometry":{"type":"Polygon","coordinates":[[[-15.5431,27.9483],[-15.5516,27.8951],[-15.5286,27.855],[-15.4765,27.8497],[-15.4268,27.8051],[-15.4084,27.8471],[-15.4252,27.8597],[-15.5075,27.8768],[-15.5217,27.9334],[-15.5431,27.9483]]]},"properties":{"GID_4":"ESP.14.1.1.22_1","GID_0":"ESP","COUNTRY":"Spain","GID_1":"ESP.14_1","NAME_1":"IslasCanarias","GID_2":"ESP.14.1_1","NAME_2":"LasPalmas","GID_3":"ESP.14.1.1_1","NAME_3":"n.a.(144)","NAME_4":"SANTA LUCIA DE TIRAJANA","VARNAME_4":"NA","TYPE_4":"Municipality","ENGTYPE_4":"Municipality","CC_4":"NA"}},{"type":"Feature","geometry":{"type":"Polygon","coordinates":[[[-15.3885,27.9308],[-15.3687,27.9404],[-15.3829,27.9732],[-15.3662,27.9924],[-15.3924,28.0313],[-15.4491,28.0242],[-15.4839,28.021],[-15.5002,28.0123],[-15.4906,28.0112],[-15.4613,27.9824],[-15.5314,27.956],[-15.4648,27.9494],[-15.3885,27.9308]]]},"properties":{"GID_4":"ESP.14.1.1.26_1","GID_0":"ESP","COUNTRY":"Spain","GID_1":"ESP.14_1","NAME_1":"IslasCanarias","GID_2":"ESP.14.1_1","NAME_2":"LasPalmas","GID_3":"ESP.14.1.1_1","NAME_3":"n.a.(144)","NAME_4":"TELDE","VARNAME_4":"NA","TYPE_4":"Municipality","ENGTYPE_4":"Municipality","CC_4":"NA"}},{"type":"Feature","geometry":{"type":"Polygon","coordinates":[[[-15.5482,28.0838],[-15.5692,28.0243],[-15.5368,28.0353],[-15.5081,28.0464],[-15.5031,28.0983],[-15.5482,28.0838]]]},"properties":{"GID_4":"ESP.14.1.1.27_1","GID_0":"ESP","COUNTRY":"Spain","GID_1":"ESP.14_1","NAME_1":"IslasCanarias","GID_2":"ESP.14.1_1","NAME_2":"LasPalmas","GID_3":"ESP.14.1.1_1","NAME_3":"n.a.(144)","NAME_4":"TEROR","VARNAME_4":"NA","TYPE_4":"Municipality","ENGTYPE_4":"Municipality","CC_4":"NA"}},{"type":"Feature","geometry":{"type":"Polygon","coordinates":[[[-16.7329,28.0664],[-16.6931,28.0956],[-16.6871,28.1201],[-16.6896,28.1385],[-16.6619,28.2001],[-16.6825,28.2122],[-16.7212,28.1781],[-16.7979,28.147],[-16.7729,28.1126],[-16.7379,28.0874],[-16.7329,28.0664]]]},"properties":{"GID_4":"ESP.14.2.1.1_1","GID_0":"ESP","COUNTRY":"Spain","GID_1":"ESP.14_1","NAME_1":"IslasCanarias","GID_2":"ESP.14.2_1","NAME_2":"SantaCruzdeTenerife","GID_3":"ESP.14.2.1_1","NAME_3":"n.a.(144)","NAME_4":"ADEJE","VARNAME_4":"NA","TYPE_4":"Municipality","ENGTYPE_4":"Municipality","CC_4":"NA"}},{"type":"Feature","geometry":{"type":"Polygon","coordinates":[[[-16.7329,28.0664],[-16.7115,28.0476],[-16.7071,28.0096],[-16.6782,27.9979],[-16.6304,28.0138],[-16.6429,28.07],[-16.6439,28.1034],[-16.6871,28.1201],[-16.6931,28.0956],[-16.7329,28.0664]]]},"properties":{"GID_4":"ESP.14.2.1.6_1","GID_0":"ESP","COUNTRY":"Spain","GID_1":"ESP.14_1","NAME_1":"IslasCanarias","GID_2":"ESP.14.2_1","NAME_2":"SantaCruzdeTenerife","GID_3":"ESP.14.2.1_1","NAME_3":"n.a.(144)","NAME_4":"ARONA","VARNAME_4":"NA","TYPE_4":"Municipality","ENGTYPE_4":"Municipality","CC_4":"NA"}},{"type":"Feature","geometry":{"type":"Polygon","coordinates":[[[-16.5592,28.3902],[-16.5721,28.406],[-16.6282,28.3874],[-16.5941,28.3127],[-16.5672,28.2966],[-16.5567,28.3428],[-16.5641,28.3804],[-16.5592,28.3902]]]},"properties":{"GID_4":"ESP.14.2.1.31_1","GID_0":"ESP","COUNTRY":"Spain","GID_1":"ESP.14_1","NAME_1":"IslasCanarias","GID_2":"ESP.14.2_1","NAME_2":"SantaCruzdeTenerife","GID_3":"ESP.14.2.1_1","NAME_3":"n.a.(144)","NAME_4":"REALEJOS (LOS)","VARNAME_4":"NA","TYPE_4":"Municipality","ENGTYPE_4":"Municipality","CC_4":"NA"}},{"type":"Feature","geometry":{"type":"Polygon","coordinates":[[[-16.5255,28.4176],[-16.5721,28.406],[-16.5592,28.3902],[-16.5559,28.3959],[-16.5255,28.4176]]]},"properties":{"GID_4":"ESP.14.2.1.33_1","GID_0":"ESP","COUNTRY":"Spain","GID_1":"ESP.14_1","NAME_1":"IslasCanarias","GID_2":"ESP.14.2_1","NAME_2":"SantaCruzdeTenerife","GID_3":"ESP.14.2.1_1","NAME_3":"n.a.(144)","NAME_4":"PUERTO DE LA CRUZ","VARNAME_4":"NA","TYPE_4":"Municipality","ENGTYPE_4":"Municipality","CC_4":"NA"}},{"type":"Feature","geometry":{"type":"Polygon","coordinates":[[[-16.3321,28.453],[-16.2939,28.4411],[-16.2724,28.4971],[-16.2708,28.5404],[-16.2752,28.5726],[-16.334,28.5721],[-16.3351,28.5574],[-16.3862,28.5468],[-16.4046,28.507],[-16.3784,28.4899],[-16.3846,28.4488],[-16.371,28.4672],[-16.3321,28.453]],[[-16.3102,28.5105],[-16.3582,28.4889],[-16.3757,28.5155],[-16.3466,28.5424],[-16.2955,28.5313],[-16.3102,28.5105]]]},"properties":{"GID_4":"ESP.14.2.1.37_1","GID_0":"ESP","COUNTRY":"Spain","GID_1":"ESP.14_1","NAME_1":"IslasCanarias","GID_2":"ESP.14.2_1","NAME_2":"SantaCruzdeTenerife","GID_3":"ESP.14.2.1_1","NAME_3":"n.a.(144)","NAME_4":"SAN CRISTOBAL DE LA LAGUNA","VARNAME_4":"NA","TYPE_4":"Municipality","ENGTYPE_4":"Municipality","CC_4":"NA"}},{"type":"Feature","geometry":{"type":"Polygon","coordinates":[[[-16.3209,28.4194],[-16.3076,28.4094],[-16.2354,28.4857],[-16.1304,28.5351],[-16.1196,28.5565],[-16.1582,28.589],[-16.2224,28.5663],[-16.2759,28.5704],[-16.2708,28.5404],[-16.2724,28.4971],[-16.2939,28.4411],[-16.3321,28.453],[-16.3209,28.4194]]]},"properties":{"GID_4":"ESP.14.2.1.42_1","GID_0":"ESP","COUNTRY":"Spain","GID_1":"ESP.14_1","NAME_1":"IslasCanarias","GID_2":"ESP.14.2_1","NAME_2":"SantaCruzdeTenerife","GID_3":"ESP.14.2.1_1","NAME_3":"n.a.(144)","NAME_4":"SANTA CRUZ DE TENERIFE","VARNAME_4":"NA","TYPE_4":"Municipality","ENGTYPE_4":"Municipality","CC_4":"NA"}},{"type":"Feature","geometry":{"type":"Polygon","coordinates":[[[-16.8485,28.2821],[-16.8524,28.2743],[-16.8098,28.2551],[-16.7495,28.273],[-16.6799,28.2677],[-16.7032,28.2706],[-16.7459,28.2874],[-16.8087,28.3129],[-16.8208,28.3137],[-16.8485,28.2821]]]},"properties":{"GID_4":"ESP.14.2.1.44_1","GID_0":"ESP","COUNTRY":"Spain","GID_1":"ESP.14_1","NAME_1":"IslasCanarias","GID_2":"ESP.14.2_1","NAME_2":"SantaCruzdeTenerife","GID_3":"ESP.14.2.1_1","NAME_3":"n.a.(144)","NAME_4":"SANTIAGO DEL TEIDE","VARNAME_4":"NA","TYPE_4":"Municipality","ENGTYPE_4":"Municipality","CC_4":"NA"}},{"type":"Feature","geometry":{"type":"MultiPolygon","coordinates":[[[[-2.9276,42.5961],[-2.9226,42.6008],[-2.9295,42.6062],[-2.9297,42.6112],[-2.9452,42.6039],[-2.9391,42.5943],[-2.9276,42.5961]]],[[[-2.994,42.6104],[-2.9993,42.6009],[-2.9857,42.6098],[-2.9828,42.6108],[-2.9852,42.6142],[-2.994,42.6104]]]]},"properties":{"GID_4":"ESP.15.1.3.47_1","GID_0":"ESP","COUNTRY":"Spain","GID_1":"ESP.15_1","NAME_1":"LaRioja","GID_2":"ESP.15.1_1","NAME_2":"LaRioja","GID_3":"ESP.15.1.3_1","NAME_3":"n.a.(139)","NAME_4":"MIRANDA DE EBRO","VARNAME_4":"NA","TYPE_4":"Municipality","ENGTYPE_4":"Municipality","CC_4":"NA"}},{"type":"Feature","geometry":{"type":"Polygon","coordinates":[[[-2.4207,42.4893],[-2.477,42.4868],[-2.5147,42.4901],[-2.5053,42.5135],[-2.5097,42.5201],[-2.5139,42.5183],[-2.5298,42.4839],[-2.5372,42.4834],[-2.5244,42.4425],[-2.5246,42.433],[-2.4862,42.4349],[-2.4335,42.432],[-2.4272,42.4494],[-2.3523,42.4335],[-2.3495,42.4384],[-2.3441,42.437],[-2.3424,42.4517],[-2.3476,42.4527],[-2.4207,42.4893]]]},"properties":{"GID_4":"ESP.15.1.6.18_1","GID_0":"ESP","COUNTRY":"Spain","GID_1":"ESP.15_1","NAME_1":"LaRioja","GID_2":"ESP.15.1_1","NAME_2":"LaRioja","GID_3":"ESP.15.1.6_1","NAME_3":"n.a.(142)","NAME_4":"LOGROÑO","VARNAME_4":"NA","TYPE_4":"Municipality","ENGTYPE_4":"Municipality","CC_4":"NA"}},{"type":"Feature","geometry":{"type":"Polygon","coordinates":[[[-2.0195,42.3685],[-2.0289,42.3626],[-2.0013,42.3118],[-2.0147,42.2736],[-1.9666,42.2373],[-1.9593,42.2417],[-1.868,42.2685],[-1.8706,42.289],[-1.9146,42.3009],[-1.9185,42.327],[-1.97,42.3476],[-2.0195,42.3685]]]},"properties":{"GID_4":"ESP.15.1.7.5_1","GID_0":"ESP","COUNTRY":"Spain","GID_1":"ESP.15_1","NAME_1":"LaRioja","GID_2":"ESP.15.1_1","NAME_2":"LaRioja","GID_3":"ESP.15.1.7_1","NAME_3":"n.a.(143)","NAME_4":"CALAHORRA","VARNAME_4":"NA","TYPE_4":"Municipality","ENGTYPE_4":"Municipality","CC_4":"NA"}},{"type":"Feature","geometry":{"type":"Polygon","coordinates":[[[-2.9754,43.0995],[-2.9388,43.1453],[-2.9496,43.157],[-2.973,43.1863],[-3.0221,43.1377],[-3.024,43.1316],[-2.9754,43.0995]]]},"properties":{"GID_4":"ESP.16.1.1.4_1","GID_0":"ESP","COUNTRY":"Spain","GID_1":"ESP.16_1","NAME_1":"PaísVasco","GID_2":"ESP.16.1_1","NAME_2":"Álava","GID_3":"ESP.16.1.1_1","NAME_3":"n.a.(1)","NAME_4":"LLODIO","VARNAME_4":"Laudio","TYPE_4":"Municipality","ENGTYPE_4":"Municipality","CC_4":"NA"}},{"type":"Feature","geometry":{"type":"Polygon","coordinates":[[[-2.6023,42.7706],[-2.5678,42.7827],[-2.564,42.7838],[-2.5587,42.8339],[-2.5767,42.8691],[-2.584,42.8745],[-2.5744,42.8744],[-2.5718,42.8794],[-2.5612,42.8882],[-2.5617,42.8954],[-2.5802,42.9081],[-2.6464,42.8919],[-2.6403,42.8971],[-2.6782,42.917],[-2.7043,42.9046],[-2.786,42.9257],[-2.8082,42.9118],[-2.8293,42.9127],[-2.8475,42.8629],[-2.7669,42.8496],[-2.762,42.8184],[-2.7791,42.7927],[-2.7582,42.7939],[-2.7315,42.7945],[-2.6327,42.7656],[-2.6023,42.7706]]]},"properties":{"GID_4":"ESP.16.1.3.12_1","GID_0":"ESP","COUNTRY":"Spain","GID_1":"ESP.16_1","NAME_1":"PaísVasco","GID_2":"ESP.16.1_1","NAME_2":"Álava","GID_3":"ESP.16.1.3_1","NAME_3":"n.a.(3)","NAME_4":"VITORIA-GASTEIZ","VARNAME_4":"Vitoria","TYPE_4":"Municipality","ENGTYPE_4":"Municipality","CC_4":"NA"}},{"type":"Feature","geometry":{"type":"Polygon","coordinates":[[[-2.4224,42.6062],[-2.4295,42.5973],[-2.4437,42.5747],[-2.4532,42.5671],[-2.4419,42.5395],[-2.4836,42.5196],[-2.4822,42.4998],[-2.477,42.4868],[-2.4207,42.4893],[-2.422,42.5117],[-2.4001,42.5432],[-2.393,42.5646],[-2.4,42.5891],[-2.4224,42.6062]]]},"properties":{"GID_4":"ESP.16.1.6.12_1","GID_0":"ESP","COUNTRY":"Spain","GID_1":"ESP.16_1","NAME_1":"PaísVasco","GID_2":"ESP.16.1_1","NAME_2":"Álava","GID_3":"ESP.16.1.6_1","NAME_3":"n.a.(6)","NAME_4":"OYON/OION","VARNAME_4":"Oion","TYPE_4":"Municipality","ENGTYPE_4":"Municipality","CC_4":"NA"}},{"type":"Feature","geometry":{"type":"Polygon","coordinates":[[[-2.529,43.0519],[-2.4585,43.051],[-2.4483,43.0766],[-2.4468,43.082],[-2.5023,43.0954],[-2.5138,43.0901],[-2.5466,43.0882],[-2.534,43.0585],[-2.529,43.0519]]]},"properties":{"GID_4":"ESP.16.2.1.16_1","GID_0":"ESP","COUNTRY":"Spain","GID_1":"ESP.16_1","NAME_1":"PaísVasco","GID_2":"ESP.16.2_1","NAME_2":"Guipúzcoa","GID_3":"ESP.16.2.1_1","NAME_3":"n.a.(124)","NAME_4":"ARRASATE O MONDRAGON","VARNAME_4":"Mondragón","TYPE_4":"Municipality","ENGTYPE_4":"Municipality","CC_4":"NA"}},{"type":"Feature","geometry":{"type":"Polygon","coordinates":[[[-1.9578,43.2769],[-1.959,43.2737],[-1.9498,43.2671],[-1.9189,43.2597],[-1.9129,43.2641],[-1.9264,43.3015],[-1.9339,43.3017],[-1.9525,43.2857],[-1.9578,43.2769]]]},"properties":{"GID_4":"ESP.16.2.1.18_1","GID_0":"ESP","COUNTRY":"Spain","GID_1":"ESP.16_1","NAME_1":"PaísVasco","GID_2":"ESP.16.2_1","NAME_2":"Guipúzcoa","GID_3":"ESP.16.2.1_1","NAME_3":"n.a.(124)","NAME_4":"ASTIGARRAGA","VARNAME_4":"NA","TYPE_4":"Municipality","ENGTYPE_4":"Municipality","CC_4":"NA"}},{"type":"Feature","geometry":{"type":"Polygon","coordinates":[[[-2.3065,43.1313],[-2.2836,43.1071],[-2.2757,43.1067],[-2.2421,43.1075],[-2.2271,43.1145],[-2.2266,43.1388],[-2.2042,43.1543],[-2.2282,43.1974],[-2.2577,43.2249],[-2.2884,43.2234],[-2.2953,43.2163],[-2.3008,43.2133],[-2.2896,43.1875],[-2.3065,43.1313]]]},"properties":{"GID_4":"ESP.16.2.1.21_1","GID_0":"ESP","COUNTRY":"Spain","GID_1":"ESP.16_1","NAME_1":"PaísVasco","GID_2":"ESP.16.2_1","NAME_2":"Guipúzcoa","GID_3":"ESP.16.2.1_1","NAME_3":"n.a.(124)","NAME_4":"AZPEITIA","VARNAME_4":"NA","TYPE_4":"Municipality","ENGTYPE_4":"Municipality","CC_4":"NA"}},{"type":"Feature","geometry":{"type":"Polygon","coordinates":[[[-2.35,43.1268],[-2.3674,43.1767],[-2.3734,43.1758],[-2.4242,43.1672],[-2.4365,43.1662],[-2.4349,43.1679],[-2.4517,43.1704],[-2.4601,43.163],[-2.4728,43.1219],[-2.4962,43.1234],[-2.5011,43.0965],[-2.5023,43.0954],[-2.4468,43.082],[-2.4473,43.0804],[-2.4173,43.0734],[-2.4115,43.0742],[-2.4029,43.1122],[-2.35,43.1268]]]},"properties":{"GID_4":"ESP.16.2.1.27_1","GID_0":"ESP","COUNTRY":"Spain","GID_1":"ESP.16_1","NAME_1":"PaísVasco","GID_2":"ESP.16.2_1","NAME_2":"Guipúzcoa","GID_3":"ESP.16.2.1_1","NAME_3":"n.a.(124)","NAME_4":"BERGARA","VARNAME_4":"Vergara","TYPE_4":"Municipality","ENGTYPE_4":"Municipality","CC_4":"NA"}},{"type":"Feature","geometry":{"type":"MultiPolygon","coordinates":[[[[-1.9108,43.2272],[-1.9099,43.223],[-1.9004,43.2372],[-1.9108,43.2272]]],[[[-2.0458,43.2457],[-2.029,43.2417],[-2.0208,43.249],[-2.028,43.273],[-2.0354,43.2744],[-2.062,43.249],[-2.0506,43.2439],[-2.0458,43.2457]]],[[[-1.8963,43.2531],[-1.9129,43.2641],[-1.9189,43.2597],[-1.9004,43.2521],[-1.8963,43.2531]]],[[[-1.9339,43.3017],[-1.9264,43.3015],[-1.9159,43.3164],[-1.9186,43.3128],[-1.931,43.3303],[-1.961,43.3379],[-1.9904,43.3149],[-2.0226,43.3221],[-2.0868,43.3009],[-2.0844,43.2948],[-2.029,43.294],[-2.0172,43.2795],[-2.0027,43.2773],[-1.96,43.2751],[-1.9525,43.2857],[-1.9339,43.3017]]]]},"properties":{"GID_4":"ESP.16.2.1.32_1","GID_0":"ESP","COUNTRY":"Spain","GID_1":"ESP.16_1","NAME_1":"PaísVasco","GID_2":"ESP.16.2_1","NAME_2":"Guipúzcoa","GID_3":"ESP.16.2.1_1","NAME_3":"n.a.(124)","NAME_4":"DONOSTIA-SAN SEBASTIAN","VARNAME_4":"Donostia","TYPE_4":"Municipality","ENGTYPE_4":"Municipality","CC_4":"NA"}},{"type":"Feature","geometry":{"type":"Polygon","coordinates":[[[-2.4438,43.17],[-2.4367,43.1928],[-2.4632,43.2235],[-2.4977,43.2203],[-2.4994,43.2098],[-2.4912,43.2019],[-2.4924,43.1807],[-2.4848,43.1716],[-2.4813,43.1753],[-2.4601,43.163],[-2.4517,43.1704],[-2.4438,43.17]]]},"properties":{"GID_4":"ESP.16.2.1.33_1","GID_0":"ESP","COUNTRY":"Spain","GID_1":"ESP.16_1","NAME_1":"PaísVasco","GID_2":"ESP.16.2_1","NAME_2":"Guipúzcoa","GID_3":"ESP.16.2.1_1","NAME_3":"n.a.(124)","NAME_4":"EIBAR","VARNAME_4":"NA","TYPE_4":"Municipality","ENGTYPE_4":"Municipality","CC_4":"NA"}},{"type":"Feature","geometry":{"type":"Polygon","coordinates":[[[-1.8792,43.2115],[-1.8766,43.2319],[-1.875,43.2308],[-1.8493,43.2634],[-1.8923,43.2833],[-1.8893,43.3123],[-1.9032,43.323],[-1.9138,43.3196],[-1.9159,43.3164],[-1.9264,43.3015],[-1.9129,43.2641],[-1.8963,43.2531],[-1.893,43.2501],[-1.9004,43.2372],[-1.9099,43.223],[-1.8792,43.2115]]]},"properties":{"GID_4":"ESP.16.2.1.37_1","GID_0":"ESP","COUNTRY":"Spain","GID_1":"ESP.16_1","NAME_1":"PaísVasco","GID_2":"ESP.16.2_1","NAME_2":"Guipúzcoa","GID_3":"ESP.16.2.1_1","NAME_3":"n.a.(124)","NAME_4":"ERRENTERIA","VARNAME_4":"Rentería","TYPE_4":"Municipality","ENGTYPE_4":"Municipality","CC_4":"NA"}},{"type":"Feature","geometry":{"type":"Polygon","coordinates":[[[-1.7283,43.2954],[-1.753,43.3407],[-1.7982,43.3489],[-1.8494,43.3301],[-1.8522,43.3252],[-1.7832,43.2868],[-1.7435,43.295],[-1.7296,43.2939],[-1.7283,43.2954]]]},"properties":{"GID_4":"ESP.16.2.1.51_1","GID_0":"ESP","COUNTRY":"Spain","GID_1":"ESP.16_1","NAME_1":"PaísVasco","GID_2":"ESP.16.2_1","NAME_2":"Guipúzcoa","GID_3":"ESP.16.2.1_1","NAME_3":"n.a.(124)","NAME_4":"IRUN","VARNAME_4":"Irún","TYPE_4":"Municipality","ENGTYPE_4":"Municipality","CC_4":"NA"}},{"type":"Feature","geometry":{"type":"Polygon","coordinates":[[[-2.1723,43.0621],[-2.2061,43.0842],[-2.2041,43.0803],[-2.1882,43.0581],[-2.1848,43.044],[-2.1687,43.0422],[-2.1616,43.0507],[-2.171,43.0569],[-2.1695,43.0584],[-2.1723,43.0621]]]},"properties":{"GID_4":"ESP.16.2.1.69_1","GID_0":"ESP","COUNTRY":"Spain","GID_1":"ESP.16_1","NAME_1":"PaísVasco","GID_2":"ESP.16.2_1","NAME_2":"Guipúzcoa","GID_3":"ESP.16.2.1_1","NAME_3":"n.a.(124)","NAME_4":"ORDIZIA","VARNAME_4":"VillafrancadeOrdicia","TYPE_4":"Municipality","ENGTYPE_4":"Municipality","CC_4":"NA"}},{"type":"Feature","geometry":{"type":"MultiPolygon","coordinates":[[[[-2.0208,43.0466],[-2.0228,43.0652],[-2.0335,43.0735],[-2.0403,43.0764],[-2.0712,43.0882],[-2.0677,43.0756],[-2.0414,43.0297],[-2.0208,43.0466]]],[[[-2.1248,43.1567],[-2.1261,43.1174],[-2.1613,43.1068],[-2.1332,43.095],[-2.1255,43.0968],[-2.1151,43.0953],[-2.0896,43.1121],[-2.0862,43.1136],[-2.0744,43.1137],[-2.0645,43.1219],[-2.0669,43.1229],[-2.0314,43.1598],[-2.0665,43.1576],[-2.072,43.1498],[-2.1208,43.1564],[-2.1248,43.1567]]],[[[-2.0254,43.1581],[-2.0092,43.1621],[-2.025,43.1601],[-2.0254,43.1581]]]]},"properties":{"GID_4":"ESP.16.2.1.78_1","GID_0":"ESP","COUNTRY":"Spain","GID_1":"ESP.16_1","NAME_1":"PaísVasco","GID_2":"ESP.16.2_1","NAME_2":"Guipúzcoa","GID_3":"ESP.16.2.1_1","NAME_3":"n.a.(124)","NAME_4":"TOLOSA","VARNAME_4":"NA","TYPE_4":"Municipality","ENGTYPE_4":"Municipality","CC_4":"NA"}},{"type":"Feature","geometry":{"type":"MultiPolygon","coordinates":[[[[-2.2017,43.2657],[-2.2071,43.2625],[-2.2037,43.2575],[-2.1983,43.2577],[-2.2017,43.2657]]],[[[-2.2046,43.2687],[-2.2055,43.2727],[-2.2067,43.2695],[-2.2046,43.2687]]],[[[-2.1405,43.2805],[-2.1414,43.2926],[-2.1894,43.2867],[-2.1936,43.2758],[-2.1894,43.2436],[-2.1789,43.2441],[-2.1405,43.2805]]]]},"properties":{"GID_4":"ESP.16.2.1.84_1","GID_0":"ESP","COUNTRY":"Spain","GID_1":"ESP.16_1","NAME_1":"PaísVasco","GID_2":"ESP.16.2_1","NAME_2":"Guipúzcoa","GID_3":"ESP.16.2.1_1","NAME_3":"n.a.(124)","NAME_4":"ZARAUTZ","VARNAME_4":"Zarauz","TYPE_4":"Municipality","ENGTYPE_4":"Municipality","CC_4":"NA"}},{"type":"Feature","geometry":{"type":"Polygon","coordinates":[[[-2.9855,43.2454],[-2.9708,43.2885],[-2.9781,43.3019],[-3.0012,43.2985],[-3.0325,43.2776],[-3.0488,43.2658],[-3.0314,43.2545],[-3.0321,43.2524],[-3.0299,43.2462],[-3.0183,43.2352],[-2.9855,43.2454]]]},"properties":{"GID_4":"ESP.16.3.1.20_1","GID_0":"ESP","COUNTRY":"Spain","GID_1":"ESP.16_1","NAME_1":"PaísVasco","GID_2":"ESP.16.3_1","NAME_2":"Vizcaya","GID_3":"ESP.16.3.1_1","NAME_3":"n.a.(261)","NAME_4":"BARAKALDO","VARNAME_4":"Baracaldo","TYPE_4":"Municipality","ENGTYPE_4":"Municipality","CC_4":"NA"}},{"type":"Feature","geometry":{"type":"Polygon","coordinates":[[[-2.8866,43.2159],[-2.8666,43.2312],[-2.8846,43.2452],[-2.9052,43.2454],[-2.9139,43.2457],[-2.8866,43.2159]]]},"properties":{"GID_4":"ESP.16.3.1.22_1","GID_0":"ESP","COUNTRY":"Spain","GID_1":"ESP.16_1","NAME_1":"PaísVasco","GID_2":"ESP.16.3_1","NAME_2":"Vizcaya","GID_3":"ESP.16.3.1_1","NAME_3":"n.a.(261)","NAME_4":"BASAURI","VARNAME_4":"NA","TYPE_4":"Municipality","ENGTYPE_4":"Municipality","CC_4":"NA"}},{"type":"Feature","geometry":{"type":"Polygon","coordinates":[[[-2.9454,43.2167],[-2.929,43.2133],[-2.9139,43.2457],[-2.9052,43.2454],[-2.8803,43.2653],[-2.8848,43.2655],[-2.8933,43.2697],[-2.8997,43.2768],[-2.907,43.282],[-2.9107,43.2859],[-2.917,43.2859],[-2.9474,43.2863],[-2.9456,43.2884],[-2.973,43.2926],[-2.9708,43.2885],[-2.9855,43.2454],[-2.9454,43.2167]]]},"properties":{"GID_4":"ESP.16.3.1.28_1","GID_0":"ESP","COUNTRY":"Spain","GID_1":"ESP.16_1","NAME_1":"PaísVasco","GID_2":"ESP.16.3_1","NAME_2":"Vizcaya","GID_3":"ESP.16.3.1_1","NAME_3":"n.a.(261)","NAME_4":"BILBAO","VARNAME_4":"Bilbo","TYPE_4":"Municipality","ENGTYPE_4":"Municipality","CC_4":"NA"}},{"type":"Feature","geometry":{"type":"MultiPolygon","coordinates":[[[[-2.8997,43.2768],[-2.8933,43.2697],[-2.8974,43.2759],[-2.8997,43.2768]]],[[[-2.8795,43.3062],[-2.8824,43.3069],[-2.8809,43.3037],[-2.8795,43.3062]]],[[[-2.8658,43.3075],[-2.8769,43.3131],[-2.8795,43.3145],[-2.8763,43.32],[-2.8813,43.328],[-2.8911,43.3252],[-2.8923,43.3095],[-2.8948,43.3045],[-2.8901,43.3019],[-2.8919,43.3017],[-2.8969,43.2993],[-2.8898,43.2951],[-2.8883,43.2925],[-2.8829,43.2866],[-2.8805,43.2875],[-2.8697,43.2912],[-2.8683,43.2989],[-2.8652,43.3013],[-2.8658,43.3075]],[[-2.8757,43.3024],[-2.8796,43.3024],[-2.8789,43.3119],[-2.8685,43.3066],[-2.8757,43.3024]]],[[[-2.9113,43.3252],[-2.905,43.3241],[-2.9034,43.3299],[-2.9101,43.3324],[-2.9113,43.3252]]]]},"properties":{"GID_4":"ESP.16.3.1.30_1","GID_0":"ESP","COUNTRY":"Spain","GID_1":"ESP.16_1","NAME_1":"PaísVasco","GID_2":"ESP.16.3_1","NAME_2":"Vizcaya","GID_3":"ESP.16.3.1_1","NAME_3":"n.a.(261)","NAME_4":"DERIO","VARNAME_4":"NA","TYPE_4":"Municipality","ENGTYPE_4":"Municipality","CC_4":"NA"}},{"type":"Feature","geometry":{"type":"Polygon","coordinates":[[[-2.6219,43.1725],[-2.6707,43.1828],[-2.6965,43.1563],[-2.6928,43.1482],[-2.6875,43.1533],[-2.639,43.1517],[-2.6296,43.1468],[-2.6228,43.1692],[-2.6219,43.1725]]]},"properties":{"GID_4":"ESP.16.3.1.32_1","GID_0":"ESP","COUNTRY":"Spain","GID_1":"ESP.16_1","NAME_1":"PaísVasco","GID_2":"ESP.16.3_1","NAME_2":"Vizcaya","GID_3":"ESP.16.3.1_1","NAME_3":"n.a.(261)","NAME_4":"DURANGO","VARNAME_4":"NA","TYPE_4":"Municipality","ENGTYPE_4":"Municipality","CC_4":"NA"}},{"type":"Feature","geometry":{"type":"Polygon","coordinates":[[[-2.6759,43.3188],[-2.673,43.3258],[-2.6762,43.3268],[-2.6771,43.3238],[-2.7068,43.3272],[-2.7177,43.3076],[-2.6923,43.2962],[-2.686,43.2953],[-2.6759,43.3188]]]},"properties":{"GID_4":"ESP.16.3.1.50_1","GID_0":"ESP","COUNTRY":"Spain","GID_1":"ESP.16_1","NAME_1":"PaísVasco","GID_2":"ESP.16.3_1","NAME_2":"Vizcaya","GID_3":"ESP.16.3.1_1","NAME_3":"n.a.(261)","NAME_4":"GERNIKA-LUMO","VARNAME_4":"GuernicayLuno","TYPE_4":"Municipality","ENGTYPE_4":"Municipality","CC_4":"NA"}},{"type":"Feature","geometry":{"type":"Polygon","coordinates":[[[-3.0007,43.3782],[-3.0326,43.3774],[-3.0205,43.3257],[-3.0111,43.3195],[-2.9676,43.3394],[-2.967,43.3448],[-3.0007,43.3782]]]},"properties":{"GID_4":"ESP.16.3.1.51_1","GID_0":"ESP","COUNTRY":"Spain","GID_1":"ESP.16_1","NAME_1":"PaísVasco","GID_2":"ESP.16.3_1","NAME_2":"Vizcaya","GID_3":"ESP.16.3.1_1","NAME_3":"n.a.(261)","NAME_4":"GETXO","VARNAME_4":"Guecho","TYPE_4":"Municipality","ENGTYPE_4":"Municipality","CC_4":"NA"}},{"type":"Feature","geometry":null,"properties":{"GID_4":"ESP.16.3.1.85_1","GID_0":"ESP","COUNTRY":"Spain","GID_1":"ESP.16_1","NAME_1":"PaísVasco","GID_2":"ESP.16.3_1","NAME_2":"Vizcaya","GID_3":"ESP.16.3.1_1","NAME_3":"n.a.(261)","NAME_4":"ONDARROA","VARNAME_4":"Ondárroa","TYPE_4":"Municipality","ENGTYPE_4":"Municipality","CC_4":"NA"}},{"type":"Feature","geometry":{"type":"Polygon","coordinates":[[[-3.0205,43.3257],[-3.0277,43.324],[-3.0321,43.3207],[-3.0384,43.3161],[-3.0288,43.3121],[-3.0126,43.3054],[-3.0144,43.3078],[-3.0059,43.3179],[-3.0111,43.3195],[-3.0205,43.3257]]]},"properties":{"GID_4":"ESP.16.3.1.90_1","GID_0":"ESP","COUNTRY":"Spain","GID_1":"ESP.16_1","NAME_1":"PaísVasco","GID_2":"ESP.16.3_1","NAME_2":"Vizcaya","GID_3":"ESP.16.3.1_1","NAME_3":"n.a.(261)","NAME_4":"PORTUGALETE","VARNAME_4":"NA","TYPE_4":"Municipality","ENGTYPE_4":"Municipality","CC_4":"NA"}},{"type":"Feature","geometry":{"type":"Polygon","coordinates":[[[-3.0047,43.2973],[-3.0126,43.3054],[-3.0288,43.3121],[-3.0631,43.2745],[-3.0488,43.2658],[-3.0325,43.2776],[-3.0047,43.2973]]]},"properties":{"GID_4":"ESP.16.3.1.100_1","GID_0":"ESP","COUNTRY":"Spain","GID_1":"ESP.16_1","NAME_1":"PaísVasco","GID_2":"ESP.16.3_1","NAME_2":"Vizcaya","GID_3":"ESP.16.3.1_1","NAME_3":"n.a.(261)","NAME_4":"VALLE DE TRAPAGA-TRAPAGARAN","VARNAME_4":"ValledeTrápaga","TYPE_4":"Municipality","ENGTYPE_4":"Municipality","CC_4":"NA"}},{"type":"Feature","geometry":{"type":"Polygon","coordinates":[[[-5.9179,43.5838],[-5.9267,43.5816],[-5.9506,43.5699],[-5.9477,43.5339],[-5.9381,43.5349],[-5.9125,43.5305],[-5.8827,43.5574],[-5.9179,43.5838]]]},"properties":{"GID_4":"ESP.17.1.1.1_1","GID_0":"ESP","COUNTRY":"Spain","GID_1":"ESP.17_1","NAME_1":"PrincipadodeAsturias","GID_2":"ESP.17.1_1","NAME_2":"Asturias","GID_3":"ESP.17.1.1_1","NAME_3":"Avilés","NAME_4":"AVILES","VARNAME_4":"NA","TYPE_4":"Municipality","ENGTYPE_4":"Municipality","CC_4":"NA"}},{"type":"Feature","geometry":{"type":"Polygon","coordinates":[[[-5.8182,43.491],[-5.7564,43.4515],[-5.6452,43.4549],[-5.5854,43.4432],[-5.5704,43.5026],[-5.5858,43.5392],[-5.6199,43.5579],[-5.6924,43.5432],[-5.7098,43.5688],[-5.7176,43.5573],[-5.7349,43.543],[-5.8211,43.504],[-5.8151,43.4974],[-5.8182,43.491]]]},"properties":{"GID_4":"ESP.17.1.4.2_1","GID_0":"ESP","COUNTRY":"Spain","GID_1":"ESP.17_1","NAME_1":"PrincipadodeAsturias","GID_2":"ESP.17.1_1","NAME_2":"Asturias","GID_3":"ESP.17.1.4_1","NAME_3":"n.a.(108)","NAME_4":"GIJON","VARNAME_4":"Xixón","TYPE_4":"Municipality","ENGTYPE_4":"Municipality","CC_4":"NA"}},{"type":"Feature","geometry":{"type":"Polygon","coordinates":[[[-5.7708,43.2882],[-5.7627,43.3072],[-5.7561,43.3185],[-5.7442,43.3337],[-5.7424,43.3348],[-5.7774,43.3458],[-5.7938,43.3803],[-5.8292,43.413],[-5.8259,43.4159],[-5.8418,43.4118],[-5.846,43.4137],[-5.8609,43.4196],[-5.8724,43.4226],[-5.9201,43.4247],[-5.9278,43.3734],[-5.9774,43.3835],[-5.9765,43.3548],[-6.0168,43.3324],[-6.0002,43.3025],[-5.9962,43.306],[-5.9525,43.299],[-5.9299,43.3089],[-5.9043,43.3216],[-5.8505,43.3105],[-5.8395,43.2843],[-5.8128,43.2887],[-5.7708,43.2882]]]},"properties":{"GID_4":"ESP.17.1.8.10_1","GID_0":"ESP","COUNTRY":"Spain","GID_1":"ESP.17_1","NAME_1":"PrincipadodeAsturias","GID_2":"ESP.17.1_1","NAME_2":"Asturias","GID_3":"ESP.17.1.8_1","NAME_3":"Oviedo","NAME_4":"OVIEDO","VARNAME_4":"Uviéu","TYPE_4":"Municipality","ENGTYPE_4":"Municipality","CC_4":"NA"}},{"type":"Feature","geometry":{"type":"Polygon","coordinates":[[[-5.7564,43.4515],[-5.8184,43.4132],[-5.8292,43.413],[-5.7938,43.3803],[-5.7774,43.3458],[-5.7424,43.3348],[-5.7344,43.3348],[-5.7105,43.3459],[-5.618,43.3246],[-5.6066,43.3293],[-5.5674,43.3572],[-5.5561,43.3875],[-5.5545,43.3904],[-5.5939,43.4103],[-5.5854,43.4432],[-5.6452,43.4549],[-5.7564,43.4515]]]},"properties":{"GID_4":"ESP.17.1.8.18_1","GID_0":"ESP","COUNTRY":"Spain","GID_1":"ESP.17_1","NAME_1":"PrincipadodeAsturias","GID_2":"ESP.17.1_1","NAME_2":"Asturias","GID_3":"ESP.17.1.8_1","NAME_3":"Oviedo","NAME_4":"SIERO","VARNAME_4":"Sieru","TYPE_4":"Municipality","ENGTYPE_4":"Municipality","CC_4":"NA"}},{"type":"Feature","geometry":{"type":"Polygon","coordinates":[[[-1.1839,38.7544],[-1.2494,38.7384],[-1.2867,38.7053],[-1.3429,38.6775],[-1.2939,38.6156],[-1.2472,38.5782],[-1.2297,38.5502],[-1.1399,38.4528],[-1.0941,38.4383],[-1.0817,38.4419],[-1.0417,38.4697],[-1.0139,38.4971],[-1.0262,38.5225],[-1.0015,38.5729],[-1.0261,38.6557],[-1.0337,38.6566],[-1.1159,38.7102],[-1.12,38.7379],[-1.1839,38.7544]]]},"properties":{"GID_4":"ESP.18.1.1.2_1","GID_0":"ESP","COUNTRY":"Spain","GID_1":"ESP.18_1","NAME_1":"RegióndeMurcia","GID_2":"ESP.18.1_1","NAME_2":"Murcia","GID_3":"ESP.18.1.1_1","NAME_3":"Altiplano","NAME_4":"YECLA","VARNAME_4":"NA","TYPE_4":"Municipality","ENGTYPE_4":"Municipality","CC_4":"NA"}},{"type":"Feature","geometry":{"type":"Polygon","coordinates":[[[-1.6659,37.4009],[-1.63,37.3751],[-1.6049,37.3954],[-1.4846,37.4382],[-1.4681,37.4735],[-1.5246,37.5105],[-1.5234,37.5557],[-1.5404,37.5657],[-1.6092,37.5347],[-1.6338,37.5348],[-1.675,37.4989],[-1.7049,37.4211],[-1.6659,37.4009]]]},"properties":{"GID_4":"ESP.18.1.2.1_1","GID_0":"ESP","COUNTRY":"Spain","GID_1":"ESP.18_1","NAME_1":"RegióndeMurcia","GID_2":"ESP.18.1_1","NAME_2":"Murcia","GID_3":"ESP.18.1.2_1","NAME_3":"AltoGuadalentin","NAME_4":"AGUILAS","VARNAME_4":"NA","TYPE_4":"Municipality","ENGTYPE_4":"Municipality","CC_4":"NA"}},{"type":"Feature","geometry":{"type":"Polygon","coordinates":[[[-1.8089,37.4335],[-1.8117,37.4516],[-1.737,37.4427],[-1.7049,37.4211],[-1.675,37.4989],[-1.6338,37.5348],[-1.6092,37.5347],[-1.5404,37.5657],[-1.5234,37.5557],[-1.5246,37.5105],[-1.4681,37.4735],[-1.3965,37.5182],[-1.4327,37.5413],[-1.4618,37.5625],[-1.4463,37.5829],[-1.4613,37.6209],[-1.4621,37.6797],[-1.5137,37.6683],[-1.5664,37.7391],[-1.6589,37.7538],[-1.6606,37.7979],[-1.6713,37.8248],[-1.6652,37.8641],[-1.675,37.8985],[-1.733,37.9492],[-1.78,37.95],[-1.8225,37.9702],[-1.8494,37.9598],[-1.9733,37.8796],[-1.9725,37.871],[-1.9773,37.8604],[-1.9952,37.8414],[-2.0087,37.775],[-1.9957,37.7281],[-2.0118,37.6735],[-1.9927,37.6433],[-1.9539,37.5883],[-1.9163,37.5449],[-1.8685,37.5836],[-1.8385,37.5768],[-1.7943,37.6063],[-1.7175,37.6032],[-1.716,37.5626],[-1.7525,37.5575],[-1.8484,37.4608],[-1.8452,37.4549],[-1.8089,37.4335]]]},"properties":{"GID_4":"ESP.18.1.2.2_1","GID_0":"ESP","COUNTRY":"Spain","GID_1":"ESP.18_1","NAME_1":"RegióndeMurcia","GID_2":"ESP.18.1_1","NAME_2":"Murcia","GID_3":"ESP.18.1.2_1","NAME_3":"AltoGuadalentin","NAME_4":"LORCA","VARNAME_4":"NA","TYPE_4":"Municipality","ENGTYPE_4":"Municipality","CC_4":"NA"}},{"type":"Feature","geometry":{"type":"Polygon","coordinates":[[[-1.2085,37.6211],[-1.2214,37.5837],[-1.1798,37.566],[-1.1668,37.5421],[-1.1271,37.5485],[-1.0715,37.5838],[-1.0124,37.5749],[-0.9885,37.5879],[-0.9601,37.5582],[-0.9151,37.5591],[-0.871,37.5749],[-0.8723,37.5953],[-0.9024,37.6241],[-0.8817,37.6386],[-0.8404,37.6019],[-0.8402,37.5776],[-0.7179,37.6065],[-0.7424,37.6327],[-0.8054,37.6596],[-0.8596,37.7217],[-0.8963,37.7203],[-0.9197,37.7231],[-1.04,37.7231],[-1.0546,37.7232],[-1.0845,37.7161],[-1.1228,37.7031],[-1.1715,37.6611],[-1.1745,37.6443],[-1.1871,37.6334],[-1.2157,37.6304],[-1.2085,37.6211]]]},"properties":{"GID_4":"ESP.18.1.4.1_1","GID_0":"ESP","COUNTRY":"Spain","GID_1":"ESP.18_1","NAME_1":"RegióndeMurcia","GID_2":"ESP.18.1_1","NAME_2":"Murcia","GID_3":"ESP.18.1.4_1","NAME_3":"CampodeCartagena","NAME_4":"CARTAGENA","VARNAME_4":"NA","TYPE_4":"Municipality","ENGTYPE_4":"Municipality","CC_4":"NA"}},{"type":"Feature","geometry":{"type":"Polygon","coordinates":[[[-1.0508,37.7237],[-1.0633,37.7601],[-1.0965,37.7408],[-1.0845,37.7161],[-1.0546,37.7232],[-1.0508,37.7237]]]},"properties":{"GID_4":"ESP.18.1.4.4_1","GID_0":"ESP","COUNTRY":"Spain","GID_1":"ESP.18_1","NAME_1":"RegióndeMurcia","GID_2":"ESP.18.1_1","NAME_2":"Murcia","GID_3":"ESP.18.1.4_1","NAME_3":"CampodeCartagena","NAME_4":"MURCIA","VARNAME_4":"NA","TYPE_4":"Municipality","ENGTYPE_4":"Municipality","CC_4":"NA"}},{"type":"Feature","geometry":null,"properties":{"GID_4":"ESP.18.1.5.1_1","GID_0":"ESP","COUNTRY":"Spain","GID_1":"ESP.18_1","NAME_1":"RegióndeMurcia","GID_2":"ESP.18.1_1","NAME_2":"Murcia","GID_3":"ESP.18.1.5_1","NAME_3":"HueradeMurcia","NAME_4":"ALCANTARILLA","VARNAME_4":"NA","TYPE_4":"Municipality","ENGTYPE_4":"Municipality","CC_4":"NA"}},{"type":"Feature","geometry":{"type":"Polygon","coordinates":[[[-0.966,38.0127],[-0.9912,38.0042],[-1.0115,38.0334],[-0.9986,38.0515],[-1.0065,38.055],[-1.0103,38.0596],[-1.0478,38.0398],[-1.0886,38.0667],[-1.1011,38.1135],[-1.1314,38.118],[-1.1373,38.0807],[-1.2186,38.0046],[-1.2137,38.0117],[-1.215,38.0127],[-1.2933,37.9985],[-1.3124,38.0245],[-1.3501,38.0179],[-1.3609,37.9953],[-1.3703,37.9281],[-1.3377,37.9424],[-1.2971,37.929],[-1.2823,37.9047],[-1.2686,37.8483],[-1.1874,37.8122],[-1.1602,37.7895],[-1.1416,37.7517],[-1.0959,37.7808],[-1.0708,37.7743],[-1.0755,37.7864],[-1.0285,37.8166],[-0.9118,37.8431],[-0.8866,37.8491],[-0.8512,37.8818],[-0.8571,37.8853],[-0.9213,37.9445],[-0.966,38.0127]]]},"properties":{"GID_4":"ESP.18.1.5.3_1","GID_0":"ESP","COUNTRY":"Spain","GID_1":"ESP.18_1","NAME_1":"RegióndeMurcia","GID_2":"ESP.18.1_1","NAME_2":"Murcia","GID_3":"ESP.18.1.5_1","NAME_3":"HueradeMurcia","NAME_4":"MURCIA","VARNAME_4":"NA","TYPE_4":"Municipality","ENGTYPE_4":"Municipality","CC_4":"NA"}},{"type":"Feature","geometry":{"type":"Polygon","coordinates":[[[-0.8596,37.7217],[-0.8232,37.7657],[-0.8606,37.7579],[-0.8664,37.7656],[-0.9139,37.7211],[-0.8963,37.7203],[-0.8596,37.7217]]]},"properties":{"GID_4":"ESP.18.1.6.1_1","GID_0":"ESP","COUNTRY":"Spain","GID_1":"ESP.18_1","NAME_1":"RegióndeMurcia","GID_2":"ESP.18.1_1","NAME_2":"Murcia","GID_3":"ESP.18.1.6_1","NAME_3":"MarMenor","NAME_4":"ALCAZARES (LOS)","VARNAME_4":"NA","TYPE_4":"Municipality","ENGTYPE_4":"Municipality","CC_4":"NA"}},{"type":"Feature","geometry":{"type":"Polygon","coordinates":[[[-1.2493,38.0694],[-1.2275,38.0969],[-1.2665,38.1292],[-1.2723,38.1065],[-1.2769,38.104],[-1.255,38.0745],[-1.2527,38.0696],[-1.2493,38.0694]]]},"properties":{"GID_4":"ESP.18.1.12.5_1","GID_0":"ESP","COUNTRY":"Spain","GID_1":"ESP.18_1","NAME_1":"RegióndeMurcia","GID_2":"ESP.18.1_1","NAME_2":"Murcia","GID_3":"ESP.18.1.12_1","NAME_3":"VegaMedia","NAME_4":"LORQUI","VARNAME_4":"NA","TYPE_4":"Municipality","ENGTYPE_4":"Municipality","CC_4":"NA"}},{"type":"Feature","geometry":{"type":"Polygon","coordinates":[[[-1.1314,38.118],[-1.1768,38.1842],[-1.2131,38.2717],[-1.2193,38.2239],[-1.237,38.1985],[-1.2735,38.1403],[-1.2661,38.1336],[-1.2665,38.1292],[-1.2275,38.0969],[-1.2493,38.0694],[-1.2456,38.0675],[-1.2243,38.0382],[-1.2224,38.0339],[-1.2193,38.0135],[-1.2137,38.0117],[-1.2186,38.0046],[-1.1373,38.0807],[-1.1314,38.118]]]},"properties":{"GID_4":"ESP.18.1.12.6_1","GID_0":"ESP","COUNTRY":"Spain","GID_1":"ESP.18_1","NAME_1":"RegióndeMurcia","GID_2":"ESP.18.1_1","NAME_2":"Murcia","GID_3":"ESP.18.1.12_1","NAME_3":"VegaMedia","NAME_4":"MOLINA DE SEGURA","VARNAME_4":"NA","TYPE_4":"Municipality","ENGTYPE_4":"Municipality","CC_4":"NA"}}]}
